,pieceVSA_EState3,pieceSlogP_VSA5,pieceMolLogP,pieceVSA_EState10,pieceMaxEStateIndex,pieceFpDensityMorgan1,pieceqed,pieceVSA_EState9,pieceEState_VSA5,pieceMinEStateIndex,pieceVSA_EState1,pieceHallKierAlpha,extender1_ratio,Hs_wt,polyol_ratio,extender2_ratio,mac_rate,preqed,ex1VSA_EState10,ex1EState_VSA8
0,-0.3915157119348702,0.9322625949589095,0.9491977999806372,-0.2775500352428201,1.0138985823460123,-0.5613517379305497,-0.9565973876585572,-0.7686033093719546,0.08043913619878423,0.09580253017240617,0.872620015251497,0.29305830610479977,2.377571602896251,-0.7583698388688065,1.0964122583862939,-0.6300141129975251,-0.37144512321810186,-0.26878886480438774,-0.3879748747893619,-0.05334512018418107
1,-0.3966471110124604,0.363029352692569,0.14818626173175206,-0.2775500352428201,-1.1406769303029345,-0.5877174952356544,-0.5065001259627311,-0.7909497425896327,-0.48786968787362117,0.4905920062256126,-0.8570007104273851,-0.2232655895201608,1.9660875586544475,3.049281992125897,-1.940384251771236,-0.6300141129975251,-0.23754474185674151,-0.8828566839841655,-0.15366482358604158,-0.5402184245970741
2,2.8348751298076063,-1.6274610487570063,1.9820332006998602,-0.2775500352428201,1.4487328282577845,-1.0633856107998239,-1.069222521579683,1.4474900118897804,0.523323237969315,-1.073870032260603,1.7816135387000511,-2.3942172432891944,-1.737268839521781,-1.059142336443178,-0.11830634567671815,1.7191511917557671,-0.39822519949037394,-0.7816153233958633,-0.16722592301136505,-0.5402184245970741
3,2.8348751298076063,-1.6274610487570063,1.9820332006998602,-0.2775500352428201,1.4487328282577845,-1.0633856107998239,-1.069222521579683,1.4474900118897804,0.523323237969315,-1.073870032260603,1.7816135387000511,-2.3942172432891944,-1.6302829880189122,-1.059142336443178,-0.11830634567671815,1.603909120201832,-0.39822519949037394,-0.7816153233958633,-0.16722592301136505,-0.5402184245970741
4,2.8348751298076063,-1.6274610487570063,1.9820332006998602,-0.2775500352428201,1.4487328282577845,-1.0633856107998239,-1.069222521579683,1.4474900118897804,0.523323237969315,-1.073870032260603,1.7816135387000511,-2.3942172432891944,-1.4080816041283384,-1.059142336443178,-0.11830634567671815,1.3734249770939617,-0.39822519949037394,-0.7816153233958633,-0.16722592301136505,-0.5402184245970741
5,2.8348751298076063,-1.6274610487570063,1.9820332006998602,-0.2775500352428201,1.4487328282577845,-1.0633856107998239,-1.069222521579683,1.4474900118897804,0.523323237969315,-1.073870032260603,1.7816135387000511,-2.3942172432891944,0.4435965949597759,-0.8863581357089646,-0.11830634567671815,1.4886670486478968,-0.39822519949037394,-0.7816153233958633,-0.16722592301136505,-0.5402184245970741
6,-0.31776600294523294,-0.7208632827759451,-0.20074731920436817,-0.2775500352428201,-0.5383123637380554,-0.5803417443463845,-0.5065153475789703,-0.6103448975726926,7.454924210041442,-0.523877765841708,1.1948662696094423,-0.5697589410265144,0.5505824464626448,-1.0527429216011701,0.19004529997004668,-0.6300141129975251,-0.23754474185674151,-0.2688502865013908,-0.03531666095202087,4.9816646298769225
7,-0.31776600294523294,-0.7208632827759451,-0.20074731920436817,-0.2775500352428201,-0.5383123637380554,-0.5803417443463845,-0.5065153475789703,-0.6103448975726926,7.454924210041442,-0.523877765841708,1.1948662696094423,-0.5697589410265144,-0.19008883317260114,-1.2063288778093597,0.5170849241408574,-0.6300141129975251,-0.23754474185674151,-0.2688502865013908,-0.03531666095202087,4.9816646298769225
8,-0.31776600294523294,-0.7208632827759451,-0.20074731920436817,-0.2775500352428201,-0.5383123637380554,-0.5803417443463845,-0.5065153475789703,-0.6103448975726926,7.454924210041442,-0.523877765841708,1.1948662696094423,-0.5697589410265144,-0.5604244729902241,-1.3215183449655021,0.9282204516698767,-0.6300141129975251,-0.23754474185674151,-0.2688502865013908,-0.03531666095202087,4.9816646298769225
9,2.8348751298076063,-1.6274610487570063,1.9820332006998602,-0.2775500352428201,1.4487328282577845,-1.0633856107998239,-1.069222521579683,1.4474900118897804,0.523323237969315,-1.073870032260603,1.7816135387000511,-2.3942172432891944,-1.737268839521781,-1.059142336443178,-0.11830634567671815,1.7191511917557671,-0.39822519949037394,-0.7816153233958633,-0.16722592301136505,-0.5402184245970741
10,-0.3959316332105981,-0.0653474140368928,0.9078731202627489,-0.2775500352428201,-1.163380588146304,-0.666870171852485,-0.5065001259627311,-0.7888459992471804,-0.48786968787362117,0.22670226860476658,-0.4466660936002658,-0.24400638873004818,-1.737268839521781,-2.070249881480427,2.0401551738506334,-0.6300141129975251,-0.23754474185674151,-0.8828557807239155,-0.15366482358604158,-0.5402184245970741
11,-0.32459708004632054,-0.07106751524878434,-1.0681534075550039,4.432338721384731,0.013348784564038096,-0.3515634546101207,-1.3026804035081536,-0.62715181001232,-0.49077970804710325,-0.5042649496356797,-0.5662508152177463,-0.7591102373426627,2.8713524559864148,-0.05443420624793691,-0.333218098703251,-0.6300141129975251,-0.23754474185674151,-1.7443345988249181,3.773466126425345,0.433528183827423
12,-0.34675711451064734,0.8742214213280171,0.9764265441123524,2.1001799357587805,0.05985046976613714,-0.5818295764445531,0.06094571508826602,-0.6713173223294535,-0.6543845324320617,0.5417946000535516,0.7734883323904067,0.36821320206533276,0.97852585247412,-0.8991569653929804,0.6759327415952514,-0.6300141129975251,-0.23754474185674151,-0.26878886480438774,3.773466126425345,0.433528183827423
13,-0.3023237136882366,-0.7136326645090165,-0.02499703952326484,4.470339443865752,0.019542108474002635,0.12581235797568274,0.06094492435495496,-0.5758301429164931,-0.8208993770373434,0.7766171871652,-0.8471943765587121,0.446296210855497,0.97852585247412,0.11195057964426876,0.6759327415952514,-0.6300141129975251,-0.23754474185674151,-0.26161754295671047,3.773466126425345,0.433528183827423
14,-0.32459708004632054,-0.07106751524878434,-1.0681534075550039,4.432338721384731,0.013348784564038096,-0.3515634546101207,-1.3026804035081536,-0.62715181001232,-0.49077970804710325,-0.5042649496356797,-0.5662508152177463,-0.7591102373426627,1.79326426007289,-0.48959441550447447,0.2647972140662316,-0.6300141129975251,-0.23754474185674151,-1.7443345988249181,3.773466126425345,0.433528183827423
15,2.8348751298076063,-1.6274610487570063,1.9820332006998602,-0.2775500352428201,1.4487328282577845,-1.0633856107998239,-1.069222521579683,1.4474900118897804,0.523323237969315,-1.073870032260603,1.7816135387000511,-2.3942172432891944,-1.737268839521781,-1.059142336443178,-0.11830634567671815,1.7191511917557671,-0.39822519949037394,-0.7816153233958633,-0.16722592301136505,-0.5402184245970741
16,2.8348751298076063,-1.6274610487570063,1.9820332006998602,-0.2775500352428201,1.4487328282577845,-1.0633856107998239,-1.069222521579683,1.4474900118897804,0.523323237969315,-1.073870032260603,1.7816135387000511,-2.3942172432891944,-1.6302829880189122,-1.059142336443178,-0.11830634567671815,1.603909120201832,-0.39822519949037394,-0.7816153233958633,-0.16722592301136505,-0.5402184245970741
17,-0.3966471110124604,0.363029352692569,0.14818626173175206,-0.2775500352428201,-1.1406769303029345,-0.5877174952356544,-0.5065001259627311,-0.7909497425896327,-0.48786968787362117,0.4905920062256126,-0.8570007104273851,-0.2232655895201608,1.8673313880364146,2.7933053984455807,-1.8189123913649348,-0.6300141129975251,-0.23754474185674151,-0.8828566839841655,-0.15366482358604158,-0.5402184245970741
18,2.8348751298076063,-1.6274610487570063,1.9820332006998602,-0.2775500352428201,1.4487328282577845,-1.0633856107998239,-1.069222521579683,1.4474900118897804,0.523323237969315,-1.073870032260603,1.7816135387000511,-2.3942172432891944,-1.6302829880189122,-1.059142336443178,-0.11830634567671815,1.603909120201832,-0.39822519949037394,-0.7816153233958633,-0.16722592301136505,-0.5402184245970741
19,2.8348751298076063,-1.6274610487570063,1.9820332006998602,-0.2775500352428201,1.4487328282577845,-1.0633856107998239,-1.069222521579683,1.4474900118897804,0.523323237969315,-1.073870032260603,1.7816135387000511,-2.3942172432891944,-1.737268839521781,-1.059142336443178,-0.11830634567671815,1.7191511917557671,-0.39822519949037394,-0.7816153233958633,-0.16722592301136505,-0.5402184245970741
20,2.8348751298076063,-1.6274610487570063,1.9820332006998602,-0.2775500352428201,1.4487328282577845,-1.0633856107998239,-1.069222521579683,1.4474900118897804,0.523323237969315,-1.073870032260603,1.7816135387000511,-2.3942172432891944,-1.6302829880189122,-1.059142336443178,-0.11830634567671815,1.603909120201832,-0.39822519949037394,-0.7816153233958633,-0.16722592301136505,-0.5402184245970741
21,-0.3073056513987347,-0.7878678169322538,-0.44367326134135987,4.451395231536023,-0.005174941598034176,0.5219567383254523,0.06094492435495496,-0.5992384834632284,-0.8208993770373434,0.6294698058071609,-0.8497064945059801,0.5985580779963171,-0.5604244729902241,0.009559942172142195,0.2647972140662316,-0.6300141129975251,0.8336583090341414,1.0667438527475053,3.773466126425345,0.433528183827423
22,2.8348751298076063,-1.6274610487570063,1.9820332006998602,-0.2775500352428201,1.4487328282577845,-1.0633856107998239,-1.069222521579683,1.4474900118897804,0.523323237969315,-1.073870032260603,1.7816135387000511,-2.3942172432891944,-1.737268839521781,-1.059142336443178,-0.11830634567671815,1.7191511917557671,-0.39822519949037394,-0.7816153233958633,-0.16722592301136505,-0.5402184245970741
23,2.8348751298076063,-1.6274610487570063,1.9820332006998602,-0.2775500352428201,1.4487328282577845,-1.0633856107998239,-1.069222521579683,1.4474900118897804,0.523323237969315,-1.073870032260603,1.7816135387000511,-2.3942172432891944,-1.737268839521781,-1.059142336443178,-0.11830634567671815,1.7191511917557671,-0.39822519949037394,-0.7816153233958633,-0.16722592301136505,-0.5402184245970741
24,2.8348751298076063,-1.6274610487570063,1.9820332006998602,-0.2775500352428201,1.4487328282577845,-1.0633856107998239,-1.069222521579683,1.4474900118897804,0.523323237969315,-1.073870032260603,1.7816135387000511,-2.3942172432891944,-1.6302829880189122,-1.059142336443178,-0.11830634567671815,1.603909120201832,-0.39822519949037394,-0.7816153233958633,-0.16722592301136505,-0.5402184245970741
25,2.8348751298076063,-1.6274610487570063,1.9820332006998602,-0.2775500352428201,1.4487328282577845,-1.0633856107998239,-1.069222521579683,1.4474900118897804,0.523323237969315,-1.073870032260603,1.7816135387000511,-2.3942172432891944,-1.737268839521781,-1.059142336443178,-0.11830634567671815,1.7191511917557671,-0.39822519949037394,-0.7816153233958633,-0.16722592301136505,-0.5402184245970741
26,2.8348751298076063,-1.6274610487570063,1.9820332006998602,-0.2775500352428201,1.4487328282577845,-1.0633856107998239,-1.069222521579683,1.4474900118897804,0.523323237969315,-1.073870032260603,1.7816135387000511,-2.3942172432891944,-1.6302829880189122,-1.059142336443178,-0.11830634567671815,1.603909120201832,-0.39822519949037394,-0.7816153233958633,-0.16722592301136505,-0.5402184245970741
27,2.8348751298076063,-1.6274610487570063,1.9820332006998602,-0.2775500352428201,1.4487328282577845,-1.0633856107998239,-1.069222521579683,1.4474900118897804,0.523323237969315,-1.073870032260603,1.7816135387000511,-2.3942172432891944,-1.6302829880189122,-1.059142336443178,-0.11830634567671815,1.603909120201832,-0.39822519949037394,-0.7816153233958633,-0.16722592301136505,-0.5402184245970741
28,2.8348751298076063,-1.6274610487570063,1.9820332006998602,-0.2775500352428201,1.4487328282577845,-1.0633856107998239,-1.069222521579683,1.4474900118897804,0.523323237969315,-1.073870032260603,1.7816135387000511,-2.3942172432891944,-1.6302829880189122,-1.059142336443178,-0.11830634567671815,1.603909120201832,-0.39822519949037394,-0.7816153233958633,-0.16722592301136505,-0.5402184245970741
29,-0.37274307245226757,-0.9005076287602007,-1.4894725152693364,-0.2775500352428201,-0.28421280726073705,1.3480568477237924,0.6227097419321264,1.6659999895847981,-0.48786968787362117,0.8769832545589665,-1.238538649222474,0.8572080446137359,0.460055956729448,1.2382475918376599,-0.333218098703251,-0.6300141129975251,2.172662122647745,0.7751079900013801,-0.16722592301136505,-0.5402184245970741
30,2.8348751298076063,-1.6274610487570063,1.9820332006998602,-0.2775500352428201,1.4487328282577845,-1.0633856107998239,-1.069222521579683,1.4474900118897804,0.523323237969315,-1.073870032260603,1.7816135387000511,-2.3942172432891944,-1.6302829880189122,-1.059142336443178,-0.11830634567671815,1.603909120201832,-0.39822519949037394,-0.7816153233958633,-0.16722592301136505,-0.5402184245970741
31,-0.3959316332105981,-0.0653474140368928,0.9078731202627489,-0.2775500352428201,-1.163380588146304,-0.666870171852485,-0.5065001259627311,-0.7888459992471804,-0.48786968787362117,0.22670226860476658,-0.4466660936002658,-0.24400638873004818,1.1760381937101851,-1.334317174649518,-1.2582730356435448,-0.6300141129975251,-0.23754474185674151,-0.8828557807239155,-0.15366482358604158,-0.5402184245970741
32,-0.3023237136882366,-0.7136326645090165,-0.02499703952326484,4.470339443865752,0.019542108474002635,0.12581235797568274,0.06094492435495496,-0.5758301429164931,-0.8208993770373434,0.7766171871652,-0.8471943765587121,0.446296210855497,-0.5604244729902241,0.4127230772186402,0.2647972140662316,-0.6300141129975251,0.8336583090341414,-0.26161754295671047,3.773466126425345,0.433528183827423
33,-0.3073056513987347,-0.7878678169322538,-0.44367326134135987,4.451395231536023,-0.005174941598034176,0.5219567383254523,0.06094492435495496,-0.5992384834632284,-0.8208993770373434,0.6294698058071609,-0.8497064945059801,0.5985580779963171,-0.33822308909965015,-0.2400172366661663,0.6759327415952514,-0.6300141129975251,0.8336583090341414,1.0667438527475053,3.773466126425345,0.433528183827423
34,-0.37276249219454427,-0.32219899459278356,-0.7255985027396676,-0.2775500352428201,-0.17801293249971553,0.24107050669912117,1.529233097062749,-0.7340894848963121,-0.48786968787362117,0.8179902925791271,-0.7295874732861645,0.7986457880211127,1.143119470170841,1.0526645614194305,-1.005985325568919,-0.6300141129975251,12.884692631556575,0.7451226852957976,-0.15366482358604158,-0.5402184245970741
35,-0.3712704520973823,-0.7719945987413621,-1.4222413505772085,-0.2775500352428201,0.8873087833474911,1.739647519253699,0.6227097419321264,-0.7354174949390399,-0.48786968787362117,0.8118838213230593,-1.1860454822838995,0.819142577828531,0.43536691407493977,1.8397925869864027,-0.35190607722729733,-0.5325015909134262,2.172662122647745,0.7751079900013801,-0.15366482358604158,-0.5402184245970741
36,-0.40111440168685414,-0.707912563297125,-0.9845490831721617,-0.2775500352428201,-1.1805416385020508,0.18118751331527344,-0.9565973876585572,-0.8000307563090773,-0.48786968787362117,-0.20136239258739613,-1.5118251149635888,0.12932799704792422,0.3201513816872348,1.302241740257739,-0.07158639936660227,-0.6300141129975251,-0.23754474185674151,-1.3688829593267693,-0.15366482358604158,-0.5402184245970741
37,-0.3011056178706926,-0.5194015563055059,-0.8004612249147551,4.401150809682879,-0.8584856693240047,0.4729205644037505,0.4531970790915812,-0.5587999541304902,-0.8208993770373434,0.9858331890629829,-0.8542276982081192,0.7508199451371373,-0.5604244729902241,-0.022437132037897357,0.2647972140662316,-0.6300141129975251,0.8336583090341414,0.7451308146380484,3.773466126425345,0.433528183827423
38,-0.3959316332105981,-0.0653474140368928,0.9078731202627489,-0.2775500352428201,-1.163380588146304,-0.666870171852485,-0.5065001259627311,-0.7888459992471804,-0.48786968787362117,0.22670226860476658,-0.4466660936002658,-0.24400638873004818,0.9538368098196118,-1.4879031308577075,-1.0153293148309424,-0.6300141129975251,-0.23754474185674151,-0.8828557807239155,-0.15366482358604158,-0.5402184245970741
39,-0.3023237136882366,-0.7136326645090165,-0.02499703952326484,4.470339443865752,0.019542108474002635,0.12581235797568274,0.06094492435495496,-0.5758301429164931,-0.8208993770373434,0.7766171871652,-0.8471943765587121,0.446296210855497,-0.33822308909965015,0.11195057964426876,0.6759327415952514,-0.6300141129975251,0.8336583090341414,-0.26161754295671047,3.773466126425345,0.433528183827423
40,-0.3712704520973823,-0.7719945987413621,-1.4222413505772085,-0.2775500352428201,0.8873087833474911,1.739647519253699,0.6227097419321264,-0.7354174949390399,-0.48786968787362117,0.8118838213230593,-1.1860454822838995,0.819142577828531,0.43536691407493977,1.8397925869864027,-0.35190607722729733,-0.5325015909134262,2.172662122647745,0.7751079900013801,-0.15366482358604158,-0.5402184245970741
41,-0.3497986527031754,-0.7020844225433899,-0.022246413991973774,0.24393116144787896,-0.3036788706706029,0.6442158916900033,-0.9566050973083405,-0.788711751472305,0.06306820688926729,-4.278133032841429,-0.9844493350192218,-0.010733399969432823,-0.5357354303357159,0.6047055224788771,-0.12765033493874134,0.23873381102444707,-0.23754474185674151,-0.882597335384872,1.1123242322881863,1.4072747926532092
42,-0.3954993398159075,-0.10818509154379888,0.956943626773502,-0.2775500352428201,-1.1989186682592696,-0.47174479675378905,-0.9565973876585572,1.4991703593271166,0.523323237969315,0.22684299951783565,-0.44631621214009787,-0.2098450723843514,-0.5028167067963716,-1.5071013753837312,2.2644109161391897,0.6997020972401873,-0.4517853520349181,-0.8828557807239155,-0.16722592301136505,-0.5402184245970741
43,-0.3011056178706926,-0.5194015563055059,-0.8004612249147551,4.401150809682879,-0.8584856693240047,0.4729205644037505,0.4531970790915812,-0.5587999541304902,-0.8208993770373434,0.9858331890629829,-0.8542276982081192,0.7508199451371373,-0.33822308909965015,-0.26561489603419797,0.6759327415952514,-0.6300141129975251,0.8336583090341414,0.7451308146380484,3.773466126425345,0.433528183827423
44,-0.3954993398159075,-0.10818509154379888,0.956943626773502,-0.2775500352428201,-1.1989186682592696,-0.47174479675378905,-0.9565973876585572,1.4991703593271166,0.523323237969315,0.22684299951783565,-0.44631621214009787,-0.2098450723843514,-0.3629121317541584,-1.526299619909755,2.2644109161391897,0.8504032677337948,-0.4517853520349181,-0.8828557807239155,-0.16722592301136505,-0.5402184245970741
45,-0.3497986527031754,-0.7020844225433899,-0.022246413991973774,0.24393116144787896,-0.3036788706706029,0.6442158916900033,-0.9566050973083405,-0.788711751472305,0.06306820688926729,-4.278133032841429,-0.9844493350192218,-0.010733399969432823,-0.13248106697874865,0.5087142998487588,-0.12765033493874134,-0.195640150986539,-0.23754474185674151,-0.882597335384872,1.1123242322881863,1.4072747926532092
46,-0.2909565345159457,1.219957365633278,0.1167458773206703,-0.2775500352428201,0.06450887701766214,-0.28632455348949787,0.6226854268828093,-0.5683163789603726,-0.8208993770373434,0.6754393601091517,-0.7708359819042674,-0.04806683854722993,1.0032148951286282,0.9630727536313198,-0.8471375081145252,-0.6300141129975251,-0.37144512321810186,-0.11070138491734807,-0.03531666095202087,4.9816646298769225
47,-0.3954993398159075,-0.10818509154379888,0.956943626773502,-0.2775500352428201,-1.1989186682592696,-0.47174479675378905,-0.9565973876585572,1.4991703593271166,0.523323237969315,0.22684299951783565,-0.44631621214009787,-0.2098450723843514,-0.26415596113612577,-1.5390984495937707,2.2644109161391897,0.9567805645528117,-0.4517853520349181,-0.8828557807239155,-0.16722592301136505,-0.5402184245970741
48,-0.2909565345159457,1.219957365633278,0.1167458773206703,-0.2775500352428201,0.06450887701766214,-0.28632455348949787,0.6226854268828093,-0.5683163789603726,-0.8208993770373434,0.6754393601091517,-0.7708359819042674,-0.04806683854722993,0.97852585247412,0.9310756794212802,-0.8191055403284556,-0.6300141129975251,-0.37144512321810186,-0.11070138491734807,-0.03531666095202087,4.9816646298769225
49,-0.366482252465409,1.5639458614593746,0.24095661718771041,-0.2775500352428201,-0.8539500068249143,-1.0551212260615692,1.529233097062749,-0.7002358012117819,0.7151599159950531,1.1901948130685367,0.7982516915002147,0.7254429672803339,0.3201513816872348,-0.5151920748725061,-0.07158639936660227,-0.6300141129975251,0.8336583090341414,0.735243050495901,-0.1449304447559048,-0.5402184245970741
50,2.8348751298076063,-1.6274610487570063,1.9820332006998602,-0.2775500352428201,1.4487328282577845,-1.0633856107998239,-1.069222521579683,1.4474900118897804,0.523323237969315,-1.073870032260603,1.7816135387000511,-2.3942172432891944,-1.6302829880189122,-1.059142336443178,-0.11830634567671815,1.603909120201832,-0.39822519949037394,-0.7816153233958633,-0.16722592301136505,-0.5402184245970741
51,2.8348751298076063,-1.6274610487570063,1.9820332006998602,-0.2775500352428201,1.4487328282577845,-1.0633856107998239,-1.069222521579683,1.4474900118897804,0.523323237969315,-1.073870032260603,1.7816135387000511,-2.3942172432891944,-1.6302829880189122,-1.059142336443178,-0.11830634567671815,1.603909120201832,-0.39822519949037394,-0.7816153233958633,-0.16722592301136505,-0.5402184245970741
52,-0.39545592955662817,-0.7507502406372393,-0.09204863815697038,-0.2775500352428201,-1.2213050811901889,0.005905970657555508,-0.9565973876585572,1.5030614999548146,0.523323237969315,0.232940080608358,-0.98374811582377,0.057345223319491725,0.3201513816872348,0.46391839595470347,-0.07158639936660227,-0.6300141129975251,-0.4517853520349181,-0.882597335384872,-0.16722592301136505,-0.5402184245970741
53,-0.2941657273663207,1.134282012287386,0.09519795030996064,-0.2775500352428201,0.07942203592427916,-0.1547874961025542,-0.6491855797565115,1.567361694008465,0.19029354880559285,0.6749717969536813,-0.7711337237187772,-0.013905522201533132,1.0032148951286282,0.9886704129993514,-0.8471375081145252,-0.6300141129975251,-0.37144512321810186,-0.11070138491734807,-0.08530813557689401,-0.5402184245970741
54,-0.3966471110124604,0.363029352692569,0.14818626173175206,-0.2775500352428201,-1.1406769303029345,-0.5877174952356544,-0.5065001259627311,-0.7909497425896327,-0.48786968787362117,0.4905920062256126,-0.8570007104273851,-0.2232655895201608,1.6945080894548572,2.422139337609122,-1.6320326061244712,-0.6300141129975251,-0.23754474185674151,-0.8828566839841655,-0.15366482358604158,-0.5402184245970741
55,-0.3916238421923887,0.8556626348484302,0.8541747067008321,-0.2775500352428201,-0.9407923074146797,-0.8720562672392248,0.06096469268773313,-0.7684223610957316,-0.48786968787362117,0.5181207049708554,0.8671110982435073,0.3633330140159476,0.97852585247412,-0.8991569653929804,0.6759327415952514,-0.6300141129975251,-0.23754474185674151,-0.26878886480438774,-0.262989931735296,-0.5402184245970741
56,-0.3959316332105981,-0.0653474140368928,0.9078731202627489,-0.2775500352428201,-1.163380588146304,-0.666870171852485,-0.5065001259627311,-0.7888459992471804,-0.48786968787362117,0.22670226860476658,-0.4466660936002658,-0.24400638873004818,0.6740276597351854,-1.6414890870658974,-0.6976336799221546,-0.6300141129975251,-0.23754474185674151,-0.8828557807239155,-0.15366482358604158,-0.5402184245970741
57,2.8348751298076063,-1.6274610487570063,1.9820332006998602,-0.2775500352428201,1.4487328282577845,-1.0633856107998239,-1.069222521579683,1.4474900118897804,0.523323237969315,-1.073870032260603,1.7816135387000511,-2.3942172432891944,-1.737268839521781,-1.059142336443178,-0.11830634567671815,1.7191511917557671,-0.39822519949037394,-0.7816153233958633,-0.16722592301136505,-0.5402184245970741
58,2.8348751298076063,-1.6274610487570063,1.9820332006998602,-0.2775500352428201,1.4487328282577845,-1.0633856107998239,-1.069222521579683,1.4474900118897804,0.523323237969315,-1.073870032260603,1.7816135387000511,-2.3942172432891944,-1.6302829880189122,-1.059142336443178,-0.11830634567671815,1.603909120201832,-0.39822519949037394,-0.7816153233958633,-0.16722592301136505,-0.5402184245970741
59,-0.40556327018910543,-0.6107970091953695,-1.1289626370304549,-0.2775500352428201,-1.144474909781364,0.7023233712584783,-1.30266201895867,1.365181938987042,1.3757864738437182,-0.39736927720391596,-1.422557897614679,0.25108868888008656,1.0032148951286282,-1.1807312184413281,2.2644109161391897,-0.6300141129975251,0.8336583090341414,-0.593041568087062,-0.16722592301136505,-0.5402184245970741
60,-0.3916068741071513,0.8556626348484302,0.8541747067008321,-0.2775500352428201,-0.9407729350474255,-0.8720562672392248,0.06096469268773313,-0.7684229945506329,-0.48786968787362117,0.5181190187483682,0.8676755139760964,0.3633330140159476,0.97852585247412,-0.8991569653929804,0.6759327415952514,-0.6300141129975251,-0.23754474185674151,-0.26878886480438774,-0.2648951582325551,-0.5402184245970741
61,-0.37593897968698087,0.17172137167352455,-0.8353786611843832,-0.2775500352428201,-0.8915917508141626,-0.02095694490668522,-0.0963190818128327,-0.7307326830912789,-0.48786968787362117,0.20927466391536315,-1.4085584247887188,0.36918923967520983,1.0032148951286282,-1.1551335590732965,2.2644109161391897,-0.6300141129975251,0.8336583090341414,-0.7811942912118124,-0.1449304447559048,-0.5402184245970741
62,-0.3954993398159075,-0.10818509154379888,0.956943626773502,-0.2775500352428201,-1.1989186682592696,-0.47174479675378905,-0.9565973876585572,1.4991703593271166,0.523323237969315,0.22684299951783565,-0.44631621214009787,-0.2098450723843514,0.3201513816872348,-0.48959441550447447,-0.07158639936660227,-0.6300141129975251,-0.4517853520349181,-0.8828557807239155,-0.16722592301136505,-0.5402184245970741
63,-0.4006650351591872,-0.5365618566053401,-0.7102864152123598,-0.2775500352428201,-1.2064679583272921,0.25049987422370906,-1.3026715077584035,1.483355192969173,0.523323237969315,-0.20216696835654535,-1.4186164822476384,0.09882682173926634,1.0032148951286282,-1.065541751285186,2.2644109161391897,-0.6300141129975251,0.8336583090341414,-1.36957203399002,-0.16722592301136505,-0.5402184245970741
64,-0.3710990850658588,-0.7934134371612312,-1.3977060973218318,-0.2775500352428201,0.8876041870606848,2.057723752030267,-0.0963190818128327,0.46566411359755683,-0.48786968787362117,0.8770215874164927,-1.1860184573985837,0.8362232360013793,0.43536691407493977,1.8461920018284108,-0.35190607722729733,-0.5325015909134262,2.172662122647745,0.7751079900013801,-0.16722592301136505,-0.5402184245970741
65,2.8348751298076063,-1.6274610487570063,1.9820332006998602,-0.2775500352428201,1.4487328282577845,-1.0633856107998239,-1.069222521579683,1.4474900118897804,0.523323237969315,-1.073870032260603,1.7816135387000511,-2.3942172432891944,-1.6302829880189122,-1.059142336443178,-0.11830634567671815,1.603909120201832,-0.39822519949037394,-0.7816153233958633,-0.16722592301136505,-0.5402184245970741
66,-0.2999714937268668,1.134282012287386,0.027305656039094753,-0.2775500352428201,1.1121843772005602,0.1494039676976747,-0.09633746636231644,3.0938232026365364,-0.15483999847569413,-0.6130253905264709,-0.7004223003981327,-0.06563551552501701,1.0032148951286282,1.4238306222558894,-0.8471375081145252,-0.6300141129975251,-0.37144512321810186,-0.11070138491734807,-0.34176740299981867,-0.1600482020646948
67,-0.3710990850658588,-0.7934134371612312,-1.3977060973218318,-0.2775500352428201,0.8876041870606848,2.057723752030267,-0.0963190818128327,0.46566411359755683,-0.48786968787362117,0.8770215874164927,-1.1860184573985837,0.8362232360013793,0.43536691407493977,1.8461920018284108,-0.35190607722729733,-0.5325015909134262,2.172662122647745,0.7751079900013801,-0.16722592301136505,-0.5402184245970741
68,-0.4049288740021354,0.4701235439579543,-0.44507550901576926,-0.2775500352428201,-1.1461062701674254,-0.8453325379990027,-0.9565973876585572,-0.8117881154330148,-0.48786968787362117,-0.3833521936981423,-0.35808447510056907,-0.711284394458687,1.1678085128253493,0.2911341952204899,-1.1274571859752203,-0.6300141129975251,-0.37144512321810186,-1.3698775617695969,-0.15366482358604158,-0.5402184245970741
69,2.8348751298076063,-1.6274610487570063,1.9820332006998602,-0.2775500352428201,1.4487328282577845,-1.0633856107998239,-1.069222521579683,1.4474900118897804,0.523323237969315,-1.073870032260603,1.7816135387000511,-2.3942172432891944,-1.6302829880189122,-1.059142336443178,-0.11830634567671815,1.603909120201832,-0.39822519949037394,-0.7816153233958633,-0.16722592301136505,-0.5402184245970741
70,-0.3710990850658588,-0.7934134371612312,-1.3977060973218318,-0.2775500352428201,0.8876041870606848,2.057723752030267,-0.0963190818128327,0.46566411359755683,-0.48786968787362117,0.8770215874164927,-1.1860184573985837,0.8362232360013793,0.43536691407493977,1.8461920018284108,-0.35190607722729733,-0.5325015909134262,2.172662122647745,0.7751079900013801,-0.16722592301136505,-0.5402184245970741
71,-0.34572640905113905,-0.8091786138087752,-0.3283657331346545,0.2560935150393035,-0.29494884178696645,0.6976466658001049,-0.5065102078124479,-0.7705084255702179,0.3236655741093959,-4.164781467383245,-0.843648500363869,0.46508493484563024,-0.13248106697874865,0.7454926490030512,-0.12765033493874134,-0.195640150986539,-0.23754474185674151,-0.2591509650289084,1.1123242322881863,1.4072747926532092
72,2.8348751298076063,-1.6274610487570063,1.9820332006998602,-0.2775500352428201,1.4487328282577845,-1.0633856107998239,-1.069222521579683,1.4474900118897804,0.523323237969315,-1.073870032260603,1.7816135387000511,-2.3942172432891944,-1.6302829880189122,-1.059142336443178,-0.11830634567671815,1.603909120201832,-0.39822519949037394,-0.7816153233958633,-0.16722592301136505,-0.5402184245970741
73,-0.39069532968452475,0.941337986526402,0.8625490146981764,-0.2775500352428201,-1.1335919598409936,-1.0551212260615692,0.06096469268773313,-0.7683400154540208,-0.48786968787362117,0.7348964812813101,0.7871539212697118,0.42091923299869355,0.3201513816872348,-0.5599879787665615,-0.07158639936660227,-0.6300141129975251,0.8336583090341414,-0.26878886480438774,-0.1449304447559048,-0.5402184245970741
74,-0.4049288740021354,0.4701235439579543,-0.44507550901576926,-0.2775500352428201,-1.1461062701674254,-0.8453325379990027,-0.9565973876585572,-0.8117881154330148,-0.48786968787362117,-0.3833521936981423,-0.35808447510056907,-0.711284394458687,1.2665646834433821,0.2911341952204899,-1.1461451644992666,-0.6300141129975251,-0.37144512321810186,-1.3698775617695969,-0.15366482358604158,-0.5402184245970741
75,-0.4049288740021354,0.4701235439579543,-0.44507550901576926,-0.2775500352428201,-1.1461062701674254,-0.8453325379990027,-0.9565973876585572,-0.8117881154330148,-0.48786968787362117,-0.3833521936981423,-0.35808447510056907,-0.711284394458687,1.3653208540614148,0.2975336100624978,-1.164833143023313,-0.6300141129975251,-0.37144512321810186,-1.3698775617695969,-0.15366482358604158,-0.5402184245970741
76,-0.37409679506054383,-0.36503667043176946,-0.7892791567311669,-0.2775500352428201,-0.11610904064501357,0.2600054681842297,1.529233097062749,-0.7342068635846251,-0.48786968787362117,0.5837957749409932,-0.7311636688583266,0.7986457880211127,0.6493386170806772,0.39992424753462436,-0.49206591615764494,-0.6300141129975251,0.8336583090341414,0.7451226852957976,-0.1722443887445459,-0.5402184245970741
77,2.8348751298076063,-1.6274610487570063,1.9820332006998602,-0.2775500352428201,1.4487328282577845,-1.0633856107998239,-1.069222521579683,1.4474900118897804,0.523323237969315,-1.073870032260603,1.7816135387000511,-2.3942172432891944,-1.4080816041283384,-1.059142336443178,-0.11830634567671815,1.3734249770939617,-0.39822519949037394,-0.7816153233958633,-0.16722592301136505,-0.5402184245970741
78,-0.4049288740021354,0.4701235439579543,-0.44507550901576926,-0.2775500352428201,-1.1461062701674254,-0.8453325379990027,-0.9565973876585572,-0.8117881154330148,-0.48786968787362117,-0.3833521936981423,-0.35808447510056907,-0.711284394458687,1.2007272363646935,0.20154238743237915,-1.0713932504030814,-0.6300141129975251,-0.23754474185674151,-1.3698775617695969,-0.15366482358604158,-0.5402184245970741
79,2.8348751298076063,-1.6274610487570063,1.9820332006998602,-0.2775500352428201,1.4487328282577845,-1.0633856107998239,-1.069222521579683,1.4474900118897804,0.523323237969315,-1.073870032260603,1.7816135387000511,-2.3942172432891944,0.4435965949597759,-0.8863581357089646,-0.11830634567671815,1.4886670486478968,-0.39822519949037394,-0.7816153233958633,-0.16722592301136505,-0.5402184245970741
80,-0.3966471110124604,0.363029352692569,0.14818626173175206,-0.2775500352428201,-1.1406769303029345,-0.5877174952356544,-0.5065001259627311,-0.7909497425896327,-0.48786968787362117,0.4905920062256126,-0.8570007104273851,-0.2232655895201608,1.5546035144126444,2.1533639142447902,-1.4731847886700775,-0.6300141129975251,-0.23754474185674151,-0.8828566839841655,-0.15366482358604158,-0.5402184245970741
81,-0.4051521170288798,-0.5251216558494772,-1.1143524895497081,-0.2775500352428201,-1.1124650892504442,0.4018466307980182,-0.956584735925579,-0.8387932948584834,0.36459354800078225,-0.39699334864643004,-1.4219668723318502,0.21692737253438973,1.0032148951286282,-1.3023201004394784,2.2644109161391897,-0.6300141129975251,0.8336583090341414,-0.593041568087062,-0.1449304447559048,-0.5402184245970741
82,-0.366482252465409,1.5639458614593746,0.24095661718771041,-0.2775500352428201,-0.8539500068249143,-1.0551212260615692,1.529233097062749,-0.7002358012117819,0.7151599159950531,1.1901948130685367,0.7982516915002147,0.7254429672803339,0.3201513816872348,-0.5151920748725061,-0.07158639936660227,-0.6300141129975251,0.8336583090341414,0.735243050495901,-0.1449304447559048,-0.5402184245970741
83,-0.38299218996053064,-0.15084828790099886,-1.151235357949707,-0.2775500352428201,-0.24709320133029636,0.8452562583316772,-0.649171346556911,1.5302497389139211,0.523323237969315,-0.1245499514142381,-1.4091491239103353,0.40335055602090664,1.0032148951286282,-1.1103376551792412,2.2644109161391897,-0.6300141129975251,0.8336583090341414,-0.7811350147579033,-0.16722592301136505,-0.5402184245970741
84,-0.39144078740182414,0.8985003106874161,0.8390258610448177,-0.2775500352428201,-1.1292637787798718,-1.0504574723516018,0.06096469268773313,-0.7683681721554186,-0.48786968787362117,0.6148159335492449,0.7862927769042514,0.42091923299869355,1.2007272363646935,0.20154238743237915,-1.0713932504030814,-0.6300141129975251,-0.23754474185674151,-0.26878886480438774,-0.15366482358604158,-0.5402184245970741
85,-0.37276249219454427,-0.32219899459278356,-0.7255985027396676,-0.2775500352428201,-0.17801293249971553,0.24107050669912117,1.529233097062749,-0.7340894848963121,-0.48786968787362117,0.8179902925791271,-0.7295874732861645,0.7986457880211127,0.97852585247412,0.828685041949154,-0.8191055403284556,-0.6300141129975251,0.8336583090341414,0.7451226852957976,-0.15366482358604158,-0.5402184245970741
86,-0.3959316332105981,-0.0653474140368928,0.9078731202627489,-0.2775500352428201,-1.163380588146304,-0.666870171852485,-0.5065001259627311,-0.7888459992471804,-0.48786968787362117,0.22670226860476658,-0.4466660936002658,-0.24400638873004818,-1.0542053260803876,-2.006255733060348,1.264604065102711,-0.6300141129975251,-0.23754474185674151,-0.8828557807239155,-0.15366482358604158,-0.5402184245970741
87,-0.38258103680030503,-0.06517293455510688,-1.1366252104689605,-0.2775500352428201,-0.21508336088944296,0.560025704484718,-0.0963190818128327,-0.7811585637843222,-0.48786968787362117,-0.12417402285675268,-1.4085580986275064,0.36918923967520983,1.0032148951286282,-1.2191277074933755,2.2644109161391897,-0.6300141129975251,0.8336583090341414,-0.7811350147579033,-0.1449304447559048,-0.5402184245970741
88,-0.3737383265522669,-0.36503667043176946,-0.7879242491994332,-0.2775500352428201,-0.31399197834668185,0.23171646618349326,1.529233097062749,-0.734225441562399,-0.48786968787362117,0.7043966382521831,-0.692052112640735,0.7966937128013587,0.6493386170806772,0.547110788900806,-0.49206591615764494,-0.6300141129975251,0.8336583090341414,0.7451226852957976,-0.23019853424485653,-0.5402184245970741
89,-0.3958910910613012,-0.707912563297125,-0.14111914466772346,-0.2775500352428201,-1.186497456791293,-0.2430741684261523,-0.5065001259627311,-0.7884757019408928,-0.48786968787362117,0.23268714723529912,-0.9840945267898449,0.023183906973794757,0.3201513816872348,0.30393302490450574,-0.07158639936660227,-0.6300141129975251,-0.4517853520349181,-0.882597335384872,-0.15366482358604158,-0.5402184245970741
90,-0.35735310775200524,1.195503996792093,1.199659803105882,2.091312030138478,0.06344877250131717,-0.3184066189193214,-0.956608457924913,-0.7033427336044996,-0.4893246980774646,-0.2089124639040478,-0.6882919641433806,-0.505340458774629,0.97852585247412,-0.8991569653929804,0.6759327415952514,-0.6300141129975251,-0.23754474185674151,-1.3698774488620655,3.773466126425345,0.433528183827423
91,-0.36844639296407855,-0.12814236587105896,-0.4880326074465899,-0.2775500352428201,-0.86731498905604,-0.2824760403875463,1.529233097062749,-0.701214078512029,0.7151599159950531,0.8724334458194537,-0.7319356792630712,0.7986457880211127,-0.041954577245552085,0.03515760154017383,0.339549128162417,-0.6300141129975251,-0.44107332152600925,0.7451222336656728,-0.1722443887445459,-0.5402184245970741
92,-0.3762990066589764,0.0860460183276322,-0.8499888086651294,-0.2775500352428201,-0.9235964744015904,0.25049987422370906,-0.649171346556911,1.7050050194087147,-0.48786968787362117,0.20900771620988504,-1.4091083062225114,0.40335055602090664,1.0032148951286282,-1.0463435067591622,2.2644109161391897,-0.6300141129975251,0.8336583090341414,-0.7811942912118124,-0.16722592301136505,-0.5402184245970741
93,-0.3966471110124604,0.363029352692569,0.14818626173175206,-0.2775500352428201,-1.1406769303029345,-0.5877174952356544,-0.5065001259627311,-0.7909497425896327,-0.48786968787362117,0.4905920062256126,-0.8570007104273851,-0.2232655895201608,1.3488614922917428,1.8013960979343553,-1.2395850571194984,-0.6300141129975251,-0.23754474185674151,-0.8828566839841655,-0.15366482358604158,-0.5402184245970741
94,-0.40114973716797225,1.1769452086445862,1.0974867158634325,-0.2775500352428201,-0.9372297231038071,-0.6374379082268049,-0.9565973876585572,-0.8004525514404041,-0.48786968787362117,-0.2089681430155964,-0.595102217896534,-0.5102206468240142,0.97852585247412,-0.8991569653929804,0.6759327415952514,-0.6300141129975251,-0.23754474185674151,-1.3698774488620655,-0.262989931735296,-0.5402184245970741
95,-0.40982965279755745,-0.10818509154379888,-1.2724995820399034,-0.2775500352428201,-0.9877879382068991,-0.39820481427442733,-1.3026715077584035,-0.8213603219674958,-0.48786968787362117,-0.5041140068331567,-0.3821878001545839,-0.768870613441433,0.97852585247412,-0.8991569653929804,0.6759327415952514,-0.6300141129975251,-0.23754474185674151,-1.7443345988249181,-0.262989931735296,-0.5402184245970741
96,-0.4010751606055615,1.219782886151492,1.0421803698692764,-0.2775500352428201,-1.1249594299115602,-0.829873816791863,-0.9565973876585572,-0.8004632347291657,-0.48786968787362117,-0.20874224548478992,-0.6755628937508441,-0.4526344278412682,1.2007272363646935,0.20154238743237915,-1.0713932504030814,-0.6300141129975251,-0.23754474185674151,-1.3698774488620655,-0.15366482358604158,-0.5402184245970741
97,-0.3914315738237446,3.302433370062246,-1.4578790916039177,-0.2775500352428201,0.24204513486176213,-1.0060064422224573,-1.1280856976769649,1.2765498838446654,1.6599408849431019,-0.33280451607690603,1.4510095663524258,-1.7741893516147969,0.3119217008023987,-1.065541751285186,-0.062242410104579086,-0.6300141129975251,-0.23754474185674151,-0.7816153233958633,-0.640034280405052,-0.5402184245970741
98,-0.36783383424677146,-0.1445718852087367,-0.44210042591144944,-0.2775500352428201,-0.861610593432449,0.4055700336080729,0.8870795635093406,-0.7022040683196085,0.7151599159950531,1.0461391622895415,-0.7321068590767911,0.7283710801099651,-0.19008883317260114,1.967780883826561,-1.2395850571194984,1.0365635371670745,-0.37144512321810186,0.7451222336656728,-0.2411438901917974,0.8342076287486523
99,-0.3955317476663808,1.6053219753740475,2.8406732005620468,-0.2775500352428201,-1.16676165357511,-1.0858243350282644,-0.9565973876585572,1.494322565863914,0.523323237969315,0.22012723686804553,0.9871888323115405,-0.9223525275945996,0.3201513816872348,-0.924754624761012,-0.07158639936660227,-0.6300141129975251,-0.4517853520349181,-0.8828613131929468,-0.16722592301136505,-0.5402184245970741
100,-0.366482252465409,1.5639458614593746,0.24095661718771041,-0.2775500352428201,-0.8539500068249143,-1.0551212260615692,1.529233097062749,-0.7002358012117819,0.7151599159950531,1.1901948130685367,0.7982516915002147,0.7254429672803339,0.3201513816872348,-0.5151920748725061,-0.07158639936660227,-0.6300141129975251,0.8336583090341414,0.735243050495901,-0.1449304447559048,-0.5402184245970741
101,-0.3617867595716962,1.7845220504196324,-0.012757980223053111,2.086320444596906,0.06464336863204824,-0.7919067557085991,-0.956608457924913,-0.7151246689143629,-0.4893246980774646,-0.38870925274928025,0.5314786970948656,-1.4106153419355947,0.97852585247412,-1.129535899705265,0.6759327415952514,-0.6300141129975251,-0.23754474185674151,-1.3698776746771282,-0.2648951582325551,-0.5402184245970741
102,-0.38299218996053064,-0.15084828790099886,-1.151235357949707,-0.2775500352428201,-0.24709320133029636,0.8452562583316772,-0.649171346556911,1.5302497389139211,0.523323237969315,-0.1245499514142381,-1.4091491239103353,0.40335055602090664,0.7316354259290379,-1.0847399958112096,2.2644109161391897,-0.6300141129975251,0.8336583090341414,-0.7811350147579033,-0.16722592301136505,-0.5402184245970741
103,-0.40498838052709585,1.7659632622721255,-0.13500981763457348,-0.2775500352428201,-0.9360041072935491,-1.0589761700663751,-0.9565973876585572,-0.8122209220378928,-0.48786968787362117,-0.3886620362683441,0.6237309869679672,-1.41549552998498,0.97852585247412,-1.2383259520193992,0.6759327415952514,-0.6300141129975251,-0.23754474185674151,-1.3698776746771282,-0.262989931735296,-0.5402184245970741
104,-0.4049288740021354,0.4701235439579543,-0.44507550901576926,-0.2775500352428201,-1.1461062701674254,-0.8453325379990027,-0.9565973876585572,-0.8117881154330148,-0.48786968787362117,-0.3833521936981423,-0.35808447510056907,-0.711284394458687,0.739865106813874,-0.29761197024423713,-0.5481298517297838,-0.6300141129975251,-0.37144512321810186,-1.3698775617695969,-0.15366482358604158,-0.5402184245970741
105,-0.4049288740021354,0.4701235439579543,-0.44507550901576926,-0.2775500352428201,-1.1461062701674254,-0.8453325379990027,-0.9565973876585572,-0.8117881154330148,-0.48786968787362117,-0.3833521936981423,-0.35808447510056907,-0.711284394458687,0.6411089361958411,-0.29761197024423713,-0.5294418732057374,-0.6300141129975251,-0.37144512321810186,-1.3698775617695969,-0.15366482358604158,-0.5402184245970741
106,-0.4049288740021354,0.4701235439579543,-0.44507550901576926,-0.2775500352428201,-1.1461062701674254,-0.8453325379990027,-0.9565973876585572,-0.8117881154330148,-0.48786968787362117,-0.3833521936981423,-0.35808447510056907,-0.711284394458687,0.8468509583167428,-0.29761197024423713,-0.5761618195158533,-0.6300141129975251,-0.37144512321810186,-1.3698775617695969,-0.15366482358604158,-0.5402184245970741
107,-0.39140622727078306,2.220782034278845,-0.6675211259803088,-0.2775500352428201,0.22980303317365358,-0.6967713517303595,-1.1280856976769649,1.2788731272723008,1.6599408849431019,-0.330219030462108,0.5494616916594598,-1.1275644350712497,0.3119217008023987,-0.7967663279208538,-0.062242410104579086,-0.6300141129975251,-0.23754474185674151,-0.7816153233958633,-0.640034280405052,-0.5402184245970741
108,-0.3672128057679708,-0.0896263033962918,-1.1703264947974534,2.0773670985021333,0.013011709355817832,-0.041444272375250155,-1.3026800081414982,-0.7242450550989332,-0.4893246980774646,-0.5042290864524769,-0.47448328903934117,-0.7639904253920476,0.97852585247412,-0.8991569653929804,0.6759327415952514,-0.6300141129975251,-0.23754474185674151,-1.7443345988249181,3.773466126425345,0.433528183827423
109,-0.39296041537389276,-1.1678894402548532,-1.072985366945284,-0.2775500352428201,-0.39397080650707517,0.09159833582122279,0.06096469268773313,-0.7796182558560987,-0.48786968787362117,0.5288468247447987,-0.2650509812402903,0.47460130154193153,2.377571602896251,3.5932322536965686,-2.2487358974180003,-0.6300141129975251,-0.37144512321810186,0.44222553828980443,-0.15366482358604158,-0.5402184245970741
110,-0.3114041844455284,0.0646271787402187,-0.24989536560398581,-0.2775500352428201,-0.7825622561082154,-0.34480862313142413,0.6226858222494646,-0.7015793543968457,0.41440251496933345,0.615514045417976,-0.6580238007796806,0.727395042500088,-1.5397564982857157,-0.6175827123446325,2.0401551738506334,-0.6300141129975251,-0.44107332152600925,0.7451222336656728,-0.39195960218502823,-0.11350464234301642
111,-0.36179147200751544,1.7845220504196324,-0.012757980223053111,2.086309370055461,0.06464390620030556,-0.8304426144093711,-0.956608457924913,-0.7151176655674711,-0.4893246980774646,-0.38870466235188234,0.5309465067840311,-1.4106153419355947,0.97852585247412,-1.2383259520193992,0.6759327415952514,-0.6300141129975251,-0.23754474185674151,-1.3698776746771282,3.773466126425345,0.433528183827423
112,-0.3959316332105981,-0.0653474140368928,0.9078731202627489,-0.2775500352428201,-1.163380588146304,-0.666870171852485,-0.5065001259627311,-0.7888459992471804,-0.48786968787362117,0.22670226860476658,-0.4466660936002658,-0.24400638873004818,-0.23946691848161755,-1.8974656807462134,0.339549128162417,-0.6300141129975251,-0.23754474185674151,-0.8828557807239155,-0.15366482358604158,-0.5402184245970741
113,-0.38299218996053064,-0.15084828790099886,-1.151235357949707,-0.2775500352428201,-0.24709320133029636,0.8452562583316772,-0.649171346556911,1.5302497389139211,0.523323237969315,-0.1245499514142381,-1.4091491239103353,0.40335055602090664,0.3201513816872348,-1.059142336443178,2.2644109161391897,-0.6300141129975251,0.8336583090341414,-0.7811350147579033,-0.16722592301136505,-0.5402184245970741
114,-0.39545592955662817,-0.7507502406372393,-0.09204863815697038,-0.2775500352428201,-1.2213050811901889,0.005905970657555508,-0.9565973876585572,1.5030614999548146,0.523323237969315,0.232940080608358,-0.98374811582377,0.057345223319491725,0.3201513816872348,0.46391839595470347,-0.07158639936660227,-0.6300141129975251,-0.4517853520349181,-0.882597335384872,-0.16722592301136505,-0.5402184245970741
115,-0.3595795109054263,1.2601526169461466,0.07574441650794307,-0.2775500352428201,0.7401951657951494,0.09035469814613083,0.8370830777131057,0.4720547270590638,-0.48786968787362117,0.5661228057436863,0.7790998111386466,0.7151945723766249,-0.09133266255456829,-0.5919850529766009,-0.07158639936660227,-0.1867753762516209,0.8336583090341414,0.735243050495901,-1.3977907831809233,-0.1402152491146262
116,-0.3107522972828648,-0.22912652116129764,-0.4529968208202742,-0.2775500352428201,-0.3389167885957864,-0.6082323901409314,-0.9566088532915685,1.5479507195438957,0.19029354880559285,0.5418059150792124,1.4343782383282893,0.4257994210480789,0.8139322347773986,-0.1632242585620714,-0.613537776563946,-0.6300141129975251,-0.37144512321810186,0.43955380737771144,-0.08530813557689401,-0.5402184245970741
117,-0.28620663801163954,-0.16981570486324682,-0.7892848701966623,-0.2775500352428201,2.091126798008337,0.2674983244653396,0.715631976256456,-0.804469877371919,0.08655077974330216,-0.654385532964323,1.5471055457127632,0.42140725180363214,0.8386212774319068,-0.7967663279208538,1.0964122583862939,-0.6300141129975251,-0.37144512321810186,2.117256637254706,-0.30474467989971216,1.3467366510897127
118,0.011552413741777635,0.8556626348484302,0.5666894471662764,-0.2775500352428201,-0.9474790990763117,-0.7678112420251766,0.06094492435495496,-0.7687354804556238,-0.48786968787362117,-2.5680139612686315,0.7810717634394749,0.41311093211967725,0.3201513816872348,-0.4447985116104191,-0.07158639936660227,-0.6300141129975251,0.8336583090341414,-0.26878886480438774,-0.5338493200676947,-0.5402184245970741
119,-0.31349967084787445,-0.49944428031032556,-0.49970440124405785,4.454018171201626,0.021624866917997202,0.4302412255253445,-0.9566088532915685,-0.605835402816229,-0.49077970804710325,-0.20322947312986014,-1.52429674769902,0.016839662509593966,0.97852585247412,0.11195057964426876,0.6759327415952514,-0.6300141129975251,-0.23754474185674151,-1.36957203399002,3.773466126425345,0.433528183827423
120,-0.3913541663877077,0.8821046384577678,-0.6411779690003594,-0.2775500352428201,0.20942493543784702,-0.14448568441448967,-1.1280856976769649,1.2830025013167023,1.6599408849431019,-0.3255828484089257,-0.3520134178549173,-0.48093951852770267,0.3119217008023987,-0.3296090444542767,-0.062242410104579086,-0.6300141129975251,-0.23754474185674151,-0.7816148717657381,-0.640034280405052,-0.5402184245970741
121,-0.34713003930345804,-0.7321914524897318,-0.12717012676571493,2.096360412307179,0.01910578223725438,0.5530089598715838,0.06094571508826602,-0.6729540734751129,-0.6543845324320617,0.5145979790759373,-0.7536677564384359,0.44141602280611164,0.97852585247412,0.11195057964426876,0.6759327415952514,-0.6300141129975251,-0.23754474185674151,-0.26161754295671047,-0.2648951582325551,-0.5402184245970741
122,-0.39227162405874266,-0.6831384333541112,-0.24818948804897148,-0.2775500352428201,-1.0230863026963015,0.17597232092837037,-0.5065001259627311,-0.7700603985704121,-0.48786968787362117,0.45134981101137006,-0.7420430915060618,0.46191281261352984,0.7316354259290379,0.8158862122651382,-0.5387858624677606,-0.6300141129975251,-0.23754474185674151,-0.26161754295671047,-0.28941099565087364,0.41614496890791686
123,-0.34572640905113905,-0.8091786138087752,-0.3283657331346545,0.2560935150393035,-0.29494884178696645,0.6976466658001049,-0.5065102078124479,-0.7705084255702179,0.3236655741093959,-4.164781467383245,-0.843648500363869,0.46508493484563024,-0.5357354303357159,0.8414838716331698,-0.12765033493874134,0.23873381102444707,-0.23754474185674151,-0.2591509650289084,1.1123242322881863,1.4072747926532092
124,-0.31718040152885935,-0.7876783460154074,-1.4601330537417994,-0.2775500352428201,1.0091649155382525,2.1808595768650663,2.217284745660796,-0.6511584819202046,-0.6543845324320617,0.46210395494755496,-0.32342403505129097,0.7137305159618093,-1.218798943777109,0.38712541785060856,-0.07158639936660227,1.0365635371670745,-0.23754474185674151,1.7149340214855888,-1.3977907831809233,-0.1402152491146262
125,-0.4049288740021354,0.4701235439579543,-0.44507550901576926,-0.2775500352428201,-1.1461062701674254,-0.8453325379990027,-0.9565973876585572,-0.8117881154330148,-0.48786968787362117,-0.3833521936981423,-0.35808447510056907,-0.711284394458687,-0.2723856420209618,-0.8671598911829408,0.5077409348788342,-0.6300141129975251,-0.37144512321810186,-1.3698775617695969,-0.15366482358604158,-0.5402184245970741
126,-0.4049288740021354,0.4701235439579543,-0.44507550901576926,-0.2775500352428201,-1.1461062701674254,-0.8453325379990027,-0.9565973876585572,-0.8117881154330148,-0.48786968787362117,-0.3833521936981423,-0.35808447510056907,-0.711284394458687,-0.16539979051809292,-0.8735593060249487,0.47970896709276467,-0.6300141129975251,-0.37144512321810186,-1.3698775617695969,-0.15366482358604158,-0.5402184245970741
127,-0.39046091728441107,0.6215169763224793,0.18511157301828668,-0.2775500352428201,-2.055464501676808,-0.956743118018811,0.6227097419321264,1.6551298335691507,-0.48786968787362117,0.9233383144417536,0.3693046809180814,0.7791250358235718,0.2707732963782184,-0.6687780310806958,-0.12765033493874134,-0.6300141129975251,-0.23754474185674151,0.7354670590379111,-0.16722592301136505,-0.5402184245970741
128,-0.39144078740182414,0.8985003106874161,0.8390258610448177,-0.2775500352428201,-1.1292637787798718,-1.0504574723516018,0.06096469268773313,-0.7683681721554186,-0.48786968787362117,0.6148159335492449,0.7862927769042514,0.42091923299869355,1.1678085128253493,0.2911341952204899,-1.1274571859752203,-0.6300141129975251,-0.37144512321810186,-0.26878886480438774,-0.15366482358604158,-0.5402184245970741
129,-0.3672144726819784,-0.0896263033962918,-1.1703264947974534,2.077372831143819,0.012957673790837282,0.019164018919347693,-1.3026800081414982,-0.7242671215450845,-0.4893246980774646,-0.504253670630793,-0.4739537822719298,-0.7639904253920476,0.97852585247412,-0.7519704240267986,0.6759327415952514,-0.6300141129975251,-0.23754474185674151,-1.7443345988249181,-0.2648951582325551,-0.5402184245970741
130,-0.39046091728441107,0.6215169763224793,0.18511157301828668,-0.2775500352428201,-2.055464501676808,-0.956743118018811,0.6227097419321264,1.6551298335691507,-0.48786968787362117,0.9233383144417536,0.3693046809180814,0.7791250358235718,0.2707732963782184,-0.6687780310806958,-0.12765033493874134,-0.6300141129975251,-0.23754474185674151,0.7354670590379111,-0.16722592301136505,-0.5402184245970741
131,-0.39144078740182414,0.8985003106874161,0.8390258610448177,-0.2775500352428201,-1.1292637787798718,-1.0504574723516018,0.06096469268773313,-0.7683681721554186,-0.48786968787362117,0.6148159335492449,0.7862927769042514,0.42091923299869355,1.2665646834433821,0.2911341952204899,-1.1461451644992666,-0.6300141129975251,-0.37144512321810186,-0.26878886480438774,-0.15366482358604158,-0.5402184245970741
132,-0.34572640905113905,-0.8091786138087752,-0.3283657331346545,0.2560935150393035,-0.29494884178696645,0.6976466658001049,-0.5065102078124479,-0.7705084255702179,0.3236655741093959,-4.164781467383245,-0.843648500363869,0.46508493484563024,-0.5357354303357159,0.8414838716331698,-0.12765033493874134,0.23873381102444707,-0.23754474185674151,-0.2591509650289084,1.1123242322881863,1.4072747926532092
133,-0.31718040152885935,-0.7876783460154074,-1.4601330537417994,-0.2775500352428201,1.0091649155382525,2.1808595768650663,2.217284745660796,-0.6511584819202046,-0.6543845324320617,0.46210395494755496,-0.32342403505129097,0.7137305159618093,-0.7085587289172731,0.4127230772186402,-0.07158639936660227,0.4780827288672353,-0.23754474185674151,1.7149340214855888,-1.3977907831809233,-0.1402152491146262
134,-0.39144078740182414,0.8985003106874161,0.8390258610448177,-0.2775500352428201,-1.1292637787798718,-1.0504574723516018,0.06096469268773313,-0.7683681721554186,-0.48786968787362117,0.6148159335492449,0.7862927769042514,0.42091923299869355,1.3653208540614148,0.2975336100624978,-1.164833143023313,-0.6300141129975251,-0.37144512321810186,-0.26878886480438774,-0.15366482358604158,-0.5402184245970741
135,0.06999907027478984,1.5153880844084968,0.1640696958085861,-0.2775500352428201,0.03920088014968848,-0.38347570822750654,0.45319688140825315,1.4627384388476918,0.7797044925052627,-0.645610145226771,0.8761486187812783,0.6063663788753335,0.3201513816872348,-0.05443420624793691,-0.07158639936660227,-0.6300141129975251,0.8336583090341414,0.735243050495901,-0.4245368087549576,-0.5402184245970741
136,0.06999907027478984,1.5153880844084968,0.1640696958085861,-0.2775500352428201,0.03920088014968848,-0.38347570822750654,0.45319688140825315,1.4627384388476918,0.7797044925052627,-0.645610145226771,0.8761486187812783,0.6063663788753335,0.3201513816872348,-0.05443420624793691,-0.07158639936660227,-0.6300141129975251,0.8336583090341414,0.735243050495901,-0.4245368087549576,-0.5402184245970741
137,-0.36147084507819494,-0.7848182959098378,-1.5445617495746722,-0.2775500352428201,1.0075743307001197,1.8274093309674035,1.8079744965697813,-0.7485139194666895,-0.48786968787362117,0.46202207072285634,-0.2687539224488925,0.7517959827470143,-1.737268839521781,0.3615277584825769,-0.07158639936660227,1.586179570731996,-0.23754474185674151,1.7149340214855888,-1.3977907831809233,-0.1402152491146262
138,0.06999907027478984,1.5153880844084968,0.1640696958085861,-0.2775500352428201,0.03920088014968848,-0.38347570822750654,0.45319688140825315,1.4627384388476918,0.7797044925052627,-0.645610145226771,0.8761486187812783,0.6063663788753335,0.3201513816872348,-0.05443420624793691,-0.07158639936660227,-0.6300141129975251,0.8336583090341414,0.735243050495901,-0.4245368087549576,-0.5402184245970741
139,-0.3176665654360372,-0.09102478957604405,-0.3939563170202856,-0.2775500352428201,-0.911886366190363,0.24772824503611934,1.8729490527454726,-0.701941674288251,0.1136451139436136,0.4293590091109845,-0.6598990039494409,0.689329575714883,-0.5604244729902241,0.04155701638218175,0.9282204516698767,-0.6300141129975251,-0.44107332152600925,0.7451222336656728,-0.37095972657577386,-0.11350464234301642
140,-0.36147084507819494,-0.7848182959098378,-1.5445617495746722,-0.2775500352428201,1.0075743307001197,1.8274093309674035,1.8079744965697813,-0.7485139194666895,-0.48786968787362117,0.46202207072285634,-0.2687539224488925,0.7517959827470143,0.3201513816872348,-0.7199733498167591,-0.07158639936660227,-0.6300141129975251,-0.23754474185674151,1.7149340214855888,-1.3977907831809233,-0.1402152491146262
141,-0.36783383424677146,-0.1445718852087367,-0.44210042591144944,-0.2775500352428201,-0.861610593432449,0.4055700336080729,0.8870795635093406,-0.7022040683196085,0.7151599159950531,1.0461391622895415,-0.7321068590767911,0.7283710801099651,-0.3629121317541584,1.455827696465929,-0.8471375081145252,0.8504032677337948,-0.37144512321810186,0.7451222336656728,-0.2411438901917974,0.8342076287486523
142,-0.366482252465409,1.5639458614593746,0.24095661718771041,-0.2775500352428201,-0.8539500068249143,-1.0551212260615692,1.529233097062749,-0.7002358012117819,0.7151599159950531,1.1901948130685367,0.7982516915002147,0.7254429672803339,0.3201513816872348,-0.5151920748725061,-0.07158639936660227,-0.6300141129975251,0.8336583090341414,0.735243050495901,-0.1449304447559048,-0.5402184245970741
143,-0.390474394976413,0.8556626348484302,1.120112039224678,-0.2775500352428201,-0.4521196845241836,-0.8284276731338772,-0.5065001259627311,1.6116351468854275,0.523323237969315,0.5366370465623042,0.7901723982537443,0.37894961577398034,1.0032148951286282,0.39352483269261646,-0.8471375081145252,-0.6300141129975251,-0.37144512321810186,-0.26878886480438774,-0.2735208521523463,1.4072747926532092
144,-0.39144078740182414,0.8985003106874161,0.8390258610448177,-0.2775500352428201,-1.1292637787798718,-1.0504574723516018,0.06096469268773313,-0.7683681721554186,-0.48786968787362117,0.6148159335492449,0.7862927769042514,0.42091923299869355,0.6411089361958411,-0.29761197024423713,-0.5294418732057374,-0.6300141129975251,-0.37144512321810186,-0.26878886480438774,-0.15366482358604158,-0.5402184245970741
145,-0.3911952338072055,-0.4565727573633099,-1.6990873211502262,-0.2775500352428201,0.17100254278710178,1.1229109387879508,-1.1280856976769649,1.292305235126367,1.6599408849431019,-0.31493601711264835,-1.2533977830743375,0.16568539801584448,0.3119217008023987,0.6623002560569483,-0.062242410104579086,-0.6300141129975251,-0.23754474185674151,-0.7779220051409726,-0.640034280405052,-0.5402184245970741
146,-0.31718040152885935,-0.7876783460154074,-1.4601330537417994,-0.2775500352428201,1.0091649155382525,2.1808595768650663,2.217284745660796,-0.6511584819202046,-0.6543845324320617,0.46210395494755496,-0.32342403505129097,0.7137305159618093,-0.19008883317260114,0.44472015142867977,-0.07158639936660227,-0.07153330469768586,-0.23754474185674151,1.7149340214855888,-1.3977907831809233,-0.1402152491146262
147,-0.38918022298247673,2.632522971596538,-0.3693312807356974,-0.2775500352428201,-0.997959565881229,-1.1760273714311529,0.45322001035760395,-0.7509680530863543,-0.48786968787362117,0.7549482173735128,2.208969272223744,0.5809894010185301,1.2665646834433821,0.06715467575021339,-1.3423689390017532,-0.6300141129975251,-0.37144512321810186,0.7351592731077091,-0.26928482295805345,1.96295874163826
148,-0.3915157119348702,0.9322625949589095,0.9491977999806372,-0.2775500352428201,1.0138985823460123,-0.5613517379305497,-0.9565973876585572,-0.7686033093719546,0.08043913619878423,0.09580253017240617,0.872620015251497,0.29305830610479977,-0.09133266255456829,-1.2639236113874308,1.3300119899368732,-0.6300141129975251,-0.37144512321810186,-0.26878886480438774,-0.3879748747893619,-0.05334512018418107
149,-0.39144078740182414,0.8985003106874161,0.8390258610448177,-0.2775500352428201,-1.1292637787798718,-1.0504574723516018,0.06096469268773313,-0.7683681721554186,-0.48786968787362117,0.6148159335492449,0.7862927769042514,0.42091923299869355,0.8468509583167428,-0.29761197024423713,-0.5761618195158533,-0.6300141129975251,-0.37144512321810186,-0.26878886480438774,-0.15366482358604158,-0.5402184245970741
150,-0.40498019298555427,1.8088009397790314,-0.15015866329058786,-0.2775500352428201,-1.1243729429411793,-1.2011320871492448,-0.9565973876585572,-0.8122506353838306,-0.48786968787362117,-0.38864035626493937,0.543347229643005,-1.357909311002234,1.0937413848618245,-0.4703961709784507,-0.9499213899967801,-0.6300141129975251,-0.23754474185674151,-1.3698776746771282,-0.15366482358604158,-0.5402184245970741
151,-0.39144078740182414,0.8985003106874161,0.8390258610448177,-0.2775500352428201,-1.1292637787798718,-1.0504574723516018,0.06096469268773313,-0.7683681721554186,-0.48786968787362117,0.6148159335492449,0.7862927769042514,0.42091923299869355,0.739865106813874,-0.29761197024423713,-0.5481298517297838,-0.6300141129975251,-0.37144512321810186,-0.26878886480438774,-0.15366482358604158,-0.5402184245970741
152,-0.3679044011676567,-0.10672352795156602,-0.4844086379038793,-0.2775500352428201,1.7272859467205743,1.0980823471504646,-0.0963190818128327,-0.7014490712495807,0.5291607345340636,-0.925804927128105,-0.7071277228121543,0.7703406973346784,0.2707732963782184,0.7518920638450591,-0.12765033493874134,-0.6300141129975251,0.8336583090341414,0.7451222336656728,-0.15366482358604158,-0.5402184245970741
153,-0.390474394976413,0.8556626348484302,1.120112039224678,-0.2775500352428201,-0.4521196845241836,-0.8284276731338772,-0.5065001259627311,1.6116351468854275,0.523323237969315,0.5366370465623042,0.7901723982537443,0.37894961577398034,0.7316354259290379,0.06715467575021339,-0.5387858624677606,-0.6300141129975251,-0.37144512321810186,-0.26878886480438774,-0.2735208521523463,1.4072747926532092
154,0.06999907027478984,1.5153880844084968,0.1640696958085861,-0.2775500352428201,0.03920088014968848,-0.38347570822750654,0.45319688140825315,1.4627384388476918,0.7797044925052627,-0.645610145226771,0.8761486187812783,0.6063663788753335,0.3201513816872348,-0.05443420624793691,-0.07158639936660227,-0.6300141129975251,0.8336583090341414,0.735243050495901,-0.4245368087549576,-0.5402184245970741
155,-0.39144078740182414,0.8985003106874161,0.8390258610448177,-0.2775500352428201,-1.1292637787798718,-1.0504574723516018,0.06096469268773313,-0.7683681721554186,-0.48786968787362117,0.6148159335492449,0.7862927769042514,0.42091923299869355,-0.2723856420209618,-0.8671598911829408,0.5077409348788342,-0.6300141129975251,-0.37144512321810186,-0.26878886480438774,-0.15366482358604158,-0.5402184245970741
156,-0.3679044011676567,-0.10672352795156602,-0.4844086379038793,-0.2775500352428201,1.7272859467205743,1.0980823471504646,-0.0963190818128327,-0.7014490712495807,0.5291607345340636,-0.925804927128105,-0.7071277228121543,0.7703406973346784,0.0732609551421529,0.7262944044770274,-0.12765033493874134,-0.4172595193594911,0.8336583090341414,0.7451222336656728,-0.15366482358604158,-0.5402184245970741
157,-0.40990955444646937,-0.0653474140368928,-1.3278059280340588,-0.2775500352428201,-1.1798484541872596,-0.6093011342411906,-1.3026715077584035,-0.821484606906609,-0.48786968787362117,-0.5041996889982233,-0.462411194767741,-0.711284394458687,0.5258934038081365,-0.4703961709784507,-0.30518613091718144,-0.6300141129975251,-0.23754474185674151,-1.7443345988249181,-0.15366482358604158,-0.5402184245970741
158,-0.3595795109054263,1.2601526169461466,0.07574441650794307,-0.2775500352428201,0.7401951657951494,0.09035469814613083,0.8370830777131057,0.4720547270590638,-0.48786968787362117,0.5661228057436863,0.7790998111386466,0.7151945723766249,-1.325784795279978,-0.5727868084505772,-0.07158639936660227,1.1429408339860918,0.8336583090341414,0.735243050495901,-1.3977907831809233,-0.1402152491146262
159,-0.3679044011676567,-0.10672352795156602,-0.4844086379038793,-0.2775500352428201,1.7272859467205743,1.0980823471504646,-0.0963190818128327,-0.7014490712495807,0.5291607345340636,-0.925804927128105,-0.7071277228121543,0.7703406973346784,-0.13248106697874865,0.6942973302669879,-0.12765033493874134,-0.195640150986539,0.8336583090341414,0.7451222336656728,-0.15366482358604158,-0.5402184245970741
160,-0.31718040152885935,-0.7876783460154074,-1.4601330537417994,-0.2775500352428201,1.0091649155382525,2.1808595768650663,2.217284745660796,-0.6511584819202046,-0.6543845324320617,0.46210395494755496,-0.32342403505129097,0.7137305159618093,-0.7085587289172731,0.4127230772186402,-0.07158639936660227,0.4780827288672353,-0.23754474185674151,1.7149340214855888,-1.3977907831809233,-0.1402152491146262
161,-0.320146574630009,0.8882561372653446,0.7678777076510077,-0.2775500352428201,0.5348526521948794,-0.08260214058671046,0.06094531972161066,-0.7686290375059107,-0.021478036247930744,-2.074857958006941,0.7879877721873262,0.362844995211009,-0.9143007510381747,0.6623002560569483,0.7039647093813209,1.4354784002383882,-0.23754474185674151,-0.26878886480438774,-0.3396924285185532,0.2864985330591737
162,-0.36147084507819494,-0.7848182959098378,-1.5445617495746722,-0.2775500352428201,1.0075743307001197,1.8274093309674035,1.8079744965697813,-0.7485139194666895,-0.48786968787362117,0.46202207072285634,-0.2687539224488925,0.7517959827470143,0.3201513816872348,0.15674648353832377,-0.07158639936660227,-0.6300141129975251,-0.23754474185674151,1.7149340214855888,-1.3977907831809233,-0.1402152491146262
163,-0.37276249219454427,-0.32219899459278356,-0.7255985027396676,-0.2775500352428201,-0.17801293249971553,0.24107050669912117,1.529233097062749,-0.7340894848963121,-0.48786968787362117,0.8179902925791271,-0.7295874732861645,0.7986457880211127,-0.09133266255456829,-0.14402601403604764,0.39561306373455607,-0.6300141129975251,0.8336583090341414,0.7451226852957976,-0.15366482358604158,-0.5402184245970741
164,-0.3114041844455284,0.0646271787402187,-0.24989536560398581,-0.2775500352428201,-0.7825622561082154,-0.34480862313142413,0.6226858222494646,-0.7015793543968457,0.41440251496933345,0.615514045417976,-0.6580238007796806,0.727395042500088,0.3201513816872348,0.9566733387893118,-0.07158639936660227,-0.6300141129975251,-0.44107332152600925,0.7451222336656728,-0.39195960218502823,-0.11350464234301642
165,-0.34884072539070365,-0.7874607216034998,-1.575189189466713,-0.2775500352428201,1.0084669130190647,1.695838185298196,3.010390256725883,-0.7488257478369483,-0.48786968787362117,0.4616949660733506,-0.2880903149842111,0.7244669296704569,0.3201513816872348,0.3615277584825769,-0.07158639936660227,-0.6300141129975251,-0.23754474185674151,1.7149340214855888,-1.3977907831809233,-0.1402152491146262
166,-0.4049288740021354,0.4701235439579543,-0.44507550901576926,-0.2775500352428201,-1.1461062701674254,-0.8453325379990027,-0.9565973876585572,-0.8117881154330148,-0.48786968787362117,-0.3833521936981423,-0.35808447510056907,-0.711284394458687,1.3900098967159231,0.4831166404807272,-1.2863050034296142,-0.6300141129975251,-0.23754474185674151,-1.3698775617695969,-0.15366482358604158,-0.5402184245970741
167,-0.3734665632592366,-0.29742486298184934,-0.6891384307863186,-0.2775500352428201,-0.08748540239632539,0.725149343769996,0.6227097419321264,-0.7342378516080528,-0.48786968787362117,0.6524588851893617,-0.7305357818068051,0.76643654689517,0.7316354259290379,0.6303031818469088,-0.5387858624677606,-0.6300141129975251,-0.23754474185674151,0.7451226852957976,-0.28941099565087364,0.41614496890791686
168,-0.3724536998131444,1.2842138810596775,0.07681691560233977,-0.2775500352428201,-0.13321930075526806,-0.7643055455138533,1.529233097062749,-0.7325943833547796,-0.48786968787362117,0.8211793602949539,0.7983672011466411,0.7254429672803339,-0.7085587289172731,-0.7199733498167591,-0.07158639936660227,0.4780827288672353,-0.37144512321810186,0.735243050495901,-0.15366482358604158,-0.5402184245970741
169,-0.3679044011676567,-0.10672352795156602,-0.4844086379038793,-0.2775500352428201,1.7272859467205743,1.0980823471504646,-0.0963190818128327,-0.7014490712495807,0.5291607345340636,-0.925804927128105,-0.7071277228121543,0.7703406973346784,-0.3299934082148141,0.6623002560569483,-0.12765033493874134,0.01711444265149493,0.8336583090341414,0.7451222336656728,-0.15366482358604158,-0.5402184245970741
170,-0.3114041844455284,0.0646271787402187,-0.24989536560398581,-0.2775500352428201,-0.7825622561082154,-0.34480862313142413,0.6226858222494646,-0.7015793543968457,0.41440251496933345,0.615514045417976,-0.6580238007796806,0.727395042500088,-0.041954577245552085,0.5791078631108455,0.339549128162417,-0.6300141129975251,-0.44107332152600925,0.7451222336656728,-0.39195960218502823,-0.11350464234301642
171,-0.36147084507819494,-0.7848182959098378,-1.5445617495746722,-0.2775500352428201,1.0075743307001197,1.8274093309674035,1.8079744965697813,-0.7485139194666895,-0.48786968787362117,0.46202207072285634,-0.2687539224488925,0.7517959827470143,-0.19008883317260114,0.21434121711639498,-0.07158639936660227,-0.07153330469768586,-0.23754474185674151,1.7149340214855888,-1.3977907831809233,-0.1402152491146262
172,-0.3470354919773735,1.2789290286716009,0.02560141090279329,-0.2775500352428201,0.740323146860622,-0.07181679695814566,1.8729490527454726,-0.7327421298166873,-0.48786968787362117,0.5660570948465539,0.7598013161073603,0.670784861127219,-0.7085587289172731,-0.5663873936085694,-0.07158639936660227,0.4780827288672353,-0.37144512321810186,0.735243050495901,-1.3977907831809233,-0.1402152491146262
173,-0.283584705105079,1.3270515568986634,-0.004216349307633457,-0.2775500352428201,0.05988527233341311,-0.6679599625439042,1.5292014677303039,-0.5383124519957815,-0.8208993770373434,0.9790655429907139,0.6878670266151136,0.7254429672803339,0.3201513816872348,-0.6687780310806958,-0.07158639936660227,-0.6300141129975251,-0.23754474185674151,0.735243050495901,-0.03531666095202087,4.9816646298769225
174,-0.39144078740182414,0.8985003106874161,0.8390258610448177,-0.2775500352428201,-1.1292637787798718,-1.0504574723516018,0.06096469268773313,-0.7683681721554186,-0.48786968787362117,0.6148159335492449,0.7862927769042514,0.42091923299869355,-0.16539979051809292,-0.8735593060249487,0.47970896709276467,-0.6300141129975251,-0.37144512321810186,-0.26878886480438774,-0.15366482358604158,-0.5402184245970741
175,-0.3176665654360372,-0.09102478957604405,-0.3939563170202856,-0.2775500352428201,-0.911886366190363,0.24772824503611934,1.8729490527454726,-0.701941674288251,0.1136451139436136,0.4293590091109845,-0.6598990039494409,0.689329575714883,0.5917308508868246,1.1422563692075414,-0.37993804501336687,-0.6300141129975251,-0.44107332152600925,0.7451222336656728,-0.37095972657577386,-0.11350464234301642
176,-0.4049288740021354,0.4701235439579543,-0.44507550901576926,-0.2775500352428201,-1.1461062701674254,-0.8453325379990027,-0.9565973876585572,-0.8117881154330148,-0.48786968787362117,-0.3833521936981423,-0.35808447510056907,-0.711284394458687,1.3900098967159231,0.4831166404807272,-1.2863050034296142,-0.6300141129975251,-0.23754474185674151,-1.3698775617695969,-0.15366482358604158,-0.5402184245970741
177,-0.4049288740021354,0.4701235439579543,-0.44507550901576926,-0.2775500352428201,-1.1461062701674254,-0.8453325379990027,-0.9565973876585572,-0.8117881154330148,-0.48786968787362117,-0.3833521936981423,-0.35808447510056907,-0.711284394458687,0.5258934038081365,-0.4703961709784507,-0.30518613091718144,-0.6300141129975251,-0.23754474185674151,-1.3698775617695969,-0.15366482358604158,-0.5402184245970741
178,-0.36783383424677146,-0.1445718852087367,-0.44210042591144944,-0.2775500352428201,-0.861610593432449,0.4055700336080729,0.8870795635093406,-0.7022040683196085,0.7151599159950531,1.0461391622895415,-0.7321068590767911,0.7283710801099651,-0.5028167067963716,1.1102592949975016,-0.5387858624677606,0.6997020972401873,-0.37144512321810186,0.7451222336656728,-0.2411438901917974,0.8342076287486523
179,-0.28419203496574785,-0.3279190941367549,-0.7550636605081004,-0.2775500352428201,0.630761917506952,0.9137040900339958,1.8729486573788174,-0.539723552989819,-0.8208993770373434,0.9384212774171146,-0.8392628985328063,0.7605803212359078,-0.3135340464451422,0.18874355774836332,1.1898521510065256,0.9035919161433031,-0.23754474185674151,0.7451226852957976,-0.0867683183327383,0.433528183827423
180,-0.3595795109054263,1.2601526169461466,0.07574441650794307,-0.2775500352428201,0.7401951657951494,0.09035469814613083,0.8370830777131057,0.4720547270590638,-0.48786968787362117,0.5661228057436863,0.7790998111386466,0.7151945723766249,-0.7085587289172731,-0.5791862232925851,-0.07158639936660227,0.4780827288672353,0.8336583090341414,0.735243050495901,-1.3977907831809233,-0.1402152491146262
181,-0.3145441999093208,-0.07580766987849137,-0.41363430839533133,-0.2775500352428201,0.5696255337563073,1.521938747098011,0.8370801124631891,0.5512399306050012,0.5564797209874348,0.015718281565338294,-0.727760102005197,0.7527720203568914,-0.7743961759959616,0.7198949896350195,-0.015522463794463206,0.4071645309878907,0.8336583090341414,0.7451222336656728,-0.303360734955137,0.7132123153132314
182,-0.3176665654360372,-0.09102478957604405,-0.3939563170202856,-0.2775500352428201,-0.911886366190363,0.24772824503611934,1.8729490527454726,-0.701941674288251,0.1136451139436136,0.4293590091109845,-0.6598990039494409,0.689329575714883,0.3201513816872348,0.8478832864751777,-0.07158639936660227,-0.6300141129975251,-0.44107332152600925,0.7451222336656728,-0.37095972657577386,-0.11350464234301642
183,-0.36147084507819494,-0.7848182959098378,-1.5445617495746722,-0.2775500352428201,1.0075743307001197,1.8274093309674035,1.8079744965697813,-0.7485139194666895,-0.48786968787362117,0.46202207072285634,-0.2687539224488925,0.7517959827470143,-0.7085587289172731,0.26553653585245823,-0.07158639936660227,0.4780827288672353,-0.23754474185674151,1.7149340214855888,-1.3977907831809233,-0.1402152491146262
184,-0.3107522972828648,-0.22912652116129764,-0.4529968208202742,-0.2775500352428201,-0.3389167885957864,-0.6082323901409314,-0.9566088532915685,1.5479507195438957,0.19029354880559285,0.5418059150792124,1.4343782383282893,0.4257994210480789,-0.19008883317260114,-0.8415622318149092,0.5170849241408574,-0.6300141129975251,-0.37144512321810186,0.43955380737771144,-0.08530813557689401,-0.5402184245970741
185,-0.39227162405874266,-0.6831384333541112,-0.24818948804897148,-0.2775500352428201,-1.0230863026963015,0.17597232092837037,-0.5065001259627311,-0.7700603985704121,-0.48786968787362117,0.45134981101137006,-0.7420430915060618,0.46191281261352984,0.3201513816872348,0.4063236623766323,-0.07158639936660227,-0.6300141129975251,-0.23754474185674151,-0.26161754295671047,-0.28941099565087364,0.41614496890791686
186,-0.39144078740182414,0.8985003106874161,0.8390258610448177,-0.2775500352428201,-1.1292637787798718,-1.0504574723516018,0.06096469268773313,-0.7683681721554186,-0.48786968787362117,0.6148159335492449,0.7862927769042514,0.42091923299869355,-0.041954577245552085,-0.8671598911829408,0.4329890207826488,-0.6300141129975251,-0.37144512321810186,-0.26878886480438774,-0.15366482358604158,-0.5402184245970741
187,-0.320146574630009,0.8882561372653446,0.7678777076510077,-0.2775500352428201,0.5348526521948794,-0.08260214058671046,0.06094531972161066,-0.7686290375059107,-0.021478036247930744,-2.074857958006941,0.7879877721873262,0.362844995211009,-0.9143007510381747,0.68789791542498,2.2644109161391897,2.9158957809697084,-0.23754474185674151,-0.26878886480438774,-0.3396924285185532,0.2864985330591737
188,-0.37575642157286093,0.23469080298947664,0.26339421239696825,-0.2775500352428201,-0.4457964681949384,-0.12455856503584357,0.6227097419321264,-0.7567534510738203,-0.48786968787362117,0.23583245871580066,-0.4438360309272135,0.3023306633986318,-1.1611911775832566,-0.6879762756067195,2.8250502718605803,-0.6300141129975251,-0.23754474185674151,-0.11029017568851666,-0.18572196169482688,-0.5402184245970741
189,-0.40498019298555427,1.8088009397790314,-0.15015866329058786,-0.2775500352428201,-1.1243729429411793,-1.2011320871492448,-0.9565973876585572,-0.8122506353838306,-0.48786968787362117,-0.38864035626493937,0.543347229643005,-1.357909311002234,1.0937413848618245,-0.4703961709784507,-0.9499213899967801,-0.6300141129975251,-0.23754474185674151,-1.3698776746771282,-0.15366482358604158,-0.5402184245970741
190,-0.3918357940248914,-0.1434511678154053,-0.4072074759225155,-0.2775500352428201,-0.3388858883758718,-0.7688819198934269,0.06096469268773313,-0.7782616113992026,-0.48786968787362117,0.5437331030371396,1.542279407647419,0.39163810470238203,0.4024481905355955,-0.48959441550447447,-0.18371427051088038,-0.6300141129975251,-0.37144512321810186,0.43955380737771144,-0.1449304447559048,-0.5402184245970741
191,-0.3688362591488827,1.489818751747029,0.2919411346393767,-0.2775500352428201,2.77534590775821,-0.2875786694888214,-1.297065801632463,1.091680239038666,0.5809173595511945,-3.630183392433036,0.8215558629439842,0.6776171243963584,-0.09133266255456829,0.47031781079671137,-0.9125454329486874,0.6110543498910067,-0.37144512321810186,0.735243050495901,-0.2735208521523463,1.4072747926532092
192,-0.28419203496574785,-0.3279190941367549,-0.7550636605081004,-0.2775500352428201,0.630761917506952,0.9137040900339958,1.8729486573788174,-0.539723552989819,-0.8208993770373434,0.9384212774171146,-0.8392628985328063,0.7605803212359078,-0.6262619200689125,-0.016037717195889447,1.1898521510065256,0.5667304762164163,-0.23754474185674151,0.7451226852957976,-0.0867683183327383,0.433528183827423
193,-0.3918357940248914,-0.1434511678154053,-0.4072074759225155,-0.2775500352428201,-0.3388858883758718,-0.7688819198934269,0.06096469268773313,-0.7782616113992026,-0.48786968787362117,0.5437331030371396,1.542279407647419,0.39163810470238203,0.4024481905355955,-0.48959441550447447,-0.18371427051088038,-0.6300141129975251,-0.37144512321810186,0.43955380737771144,-0.1449304447559048,-0.5402184245970741
194,-0.3145441999093208,-0.07580766987849137,-0.41363430839533133,-0.2775500352428201,0.5696255337563073,1.521938747098011,0.8370801124631891,0.5512399306050012,0.5564797209874348,0.015718281565338294,-0.727760102005197,0.7527720203568914,-0.9636788363471911,0.758291478687067,-0.015522463794463206,0.6199191246259245,0.8336583090341414,0.7451222336656728,-0.303360734955137,0.7132123153132314
195,-0.3597445412388054,1.2815714548656392,0.05120916325256624,-0.2775500352428201,0.7401479593380487,-0.05797380636468619,1.8079744965697813,-0.7326682862971374,-0.48786968787362117,0.5661227472099285,0.7790843004380922,0.6981139142037764,-0.7085587289172731,-0.6431803717126642,-0.07158639936660227,0.4780827288672353,-0.37144512321810186,0.735243050495901,-0.15366482358604158,-0.5402184245970741
196,-0.2841726027634291,1.2413762035527713,0.3284542602008961,-0.2775500352428201,0.6822456857821984,-0.3415027343220765,-0.20484367046575733,1.9488356731373297,-0.8208993770373434,0.9524444124129352,0.6886653679451472,0.6834733500556207,-0.7085587289172731,-0.7583698388688065,-0.07158639936660227,0.4780827288672353,-0.23754474185674151,0.735243050495901,-0.14634679242611637,1.4072747926532092
197,-0.32775060090174674,-0.648072080539062,-0.1840378812587902,-0.012968895138432008,0.8217625081603842,2.134305416645759,-0.5065147545289869,-0.7703450140132829,-0.21240074049217694,0.03022425252484345,-0.7161920017545906,0.43751187236660355,-1.5315268174008796,0.9694721684733277,-0.07158639936660227,1.3645602023590435,-0.23754474185674151,-0.26161754295671047,0.48430953598993065,0.29330749888050206
198,-0.3145441999093208,-0.07580766987849137,-0.41363430839533133,-0.2775500352428201,0.5696255337563073,1.521938747098011,0.8370801124631891,0.5512399306050012,0.5564797209874348,0.015718281565338294,-0.727760102005197,0.7527720203568914,-1.3504738379344863,0.8414838716331698,-0.015522463794463206,1.0365635371670745,0.8336583090341414,0.7451222336656728,-0.303360734955137,0.7132123153132314
199,-0.37609943287184316,-0.10801061039409278,-0.25689027978890155,-0.2775500352428201,-0.457050459693515,0.1717062488543631,0.6227097419321264,-0.7578275866846479,-0.48786968787362117,0.2336806497132489,-0.769633095535791,0.31794726515666466,-1.1611911775832566,-0.9887487731810909,2.8250502718605803,-0.6300141129975251,-0.23754474185674151,-0.11029017568851666,-0.18376689958301895,-0.5402184245970741
200,-0.31378116500242154,-2.0191040777057627,-2.2926714945935514,-0.2775500352428201,-0.5605511046772815,3.05269262468533,-0.9566088532915685,1.5249998309203814,0.19029354880559285,0.4738644787884265,-1.8538692810134787,0.5770852505790219,1.0608226613224807,3.049281992125897,-0.9032014436866642,-0.6300141129975251,-0.37144512321810186,4.156247985909191,-0.08530813557689401,-0.5402184245970741
201,-0.32775060090174674,-0.648072080539062,-0.1840378812587902,-0.012968895138432008,0.8217625081603842,2.134305416645759,-0.5065147545289869,-0.7703450140132829,-0.21240074049217694,0.03022425252484345,-0.7161920017545906,0.43751187236660355,-1.737268839521781,1.0142680723673831,-0.07158639936660227,1.586179570731996,-0.23754474185674151,-0.26161754295671047,0.48430953598993065,0.29330749888050206
202,-0.37276249219454427,-0.32219899459278356,-0.7255985027396676,-0.2775500352428201,-0.17801293249971553,0.24107050669912117,1.529233097062749,-0.7340894848963121,-0.48786968787362117,0.8179902925791271,-0.7295874732861645,0.7986457880211127,0.7316354259290379,0.547110788900806,-0.5387858624677606,-0.6300141129975251,0.8336583090341414,0.7451226852957976,-0.15366482358604158,-0.5402184245970741
203,-0.3734665632592366,-0.29742486298184934,-0.6891384307863186,-0.2775500352428201,-0.08748540239632539,0.725149343769996,0.6227097419321264,-0.7342378516080528,-0.48786968787362117,0.6524588851893617,-0.7305357818068051,0.76643654689517,0.7316354259290379,0.6750990857409642,-0.5387858624677606,-0.6300141129975251,-0.23754474185674151,0.7451226852957976,-0.28941099565087364,0.41614496890791686
204,-0.31378116500242154,-2.0191040777057627,-2.2926714945935514,-0.2775500352428201,-0.5605511046772815,3.05269262468533,-0.9566088532915685,1.5249998309203814,0.19029354880559285,0.4738644787884265,-1.8538692810134787,0.5770852505790219,0.4024481905355955,2.5245299750812484,-0.18371427051088038,-0.6300141129975251,-0.37144512321810186,4.156247985909191,-0.08530813557689401,-0.5402184245970741
205,-0.3684891747100839,-0.12814236587105896,-0.5444653223526691,-0.2775500352428201,1.7282837132288293,1.0334909884788057,-0.0963190818128327,-0.701767970545611,0.34316155330727893,-0.9262585772595836,-0.6839400981380707,0.7420356066482438,0.17201712576018574,0.6559008412149404,-0.015522463794463206,-0.6300141129975251,0.8336583090341414,0.7451222336656728,-0.3548543826609796,-0.5402184245970741
206,-0.3720201630021057,1.2627950431401849,0.21736000469226965,-0.2775500352428201,0.45047641612758665,-0.37245876215348256,0.8870795635093406,0.4735353915769353,-0.48786968787362117,0.7348768724724152,0.8001889287976923,0.7044581586679772,-0.5028167067963716,0.44472015142867977,-1.1928651108093824,1.3202363286844532,-0.23754474185674151,0.735243050495901,-0.15366482358604158,-0.5402184245970741
207,-0.32775060090174674,-0.648072080539062,-0.1840378812587902,-0.012968895138432008,0.8217625081603842,2.134305416645759,-0.5065147545289869,-0.7703450140132829,-0.21240074049217694,0.03022425252484345,-0.7161920017545906,0.43751187236660355,-1.1200427731590763,0.8734809458432093,-0.07158639936660227,0.9213214656131393,-0.23754474185674151,-0.26161754295671047,0.48430953598993065,0.29330749888050206
208,-0.3176665654360372,-0.09102478957604405,-0.3939563170202856,-0.2775500352428201,-0.911886366190363,0.24772824503611934,1.8729490527454726,-0.701941674288251,0.1136451139436136,0.4293590091109845,-0.6598990039494409,0.689329575714883,-0.041954577245552085,0.4831166404807272,0.339549128162417,-0.6300141129975251,-0.44107332152600925,0.7451222336656728,-0.37095972657577386,-0.11350464234301642
209,-0.32775060090174674,-0.648072080539062,-0.1840378812587902,-0.012968895138432008,0.8217625081603842,2.134305416645759,-0.5065147545289869,-0.7703450140132829,-0.21240074049217694,0.03022425252484345,-0.7161920017545906,0.43751187236660355,-1.325784795279978,0.9182768497372648,-0.07158639936660227,1.1429408339860918,-0.23754474185674151,-0.26161754295671047,0.48430953598993065,0.29330749888050206
210,-0.28419203496574785,-0.3279190941367549,-0.7550636605081004,-0.2775500352428201,0.630761917506952,0.9137040900339958,1.8729486573788174,-0.539723552989819,-0.8208993770373434,0.9384212774171146,-0.8392628985328063,0.7605803212359078,-0.947219474577519,-0.2400172366661663,1.1898521510065256,0.2210042615546109,-0.23754474185674151,0.7451226852957976,-0.0867683183327383,0.433528183827423
211,-0.3722415215912627,1.4082938931431115,0.520720536210095,-0.2775500352428201,-0.8250542993074524,-0.2642164586162058,0.10508859986552059,-0.7224535743404613,-0.1871122868479014,0.9359709485005953,-0.6613134617280051,-0.11834154645837774,-1.737268839521781,0.7454926490030512,-0.07158639936660227,-0.6300141129975251,-0.37144512321810186,-0.11070138491734807,-0.2411438901917974,0.8342076287486523
212,-0.3720201630021057,1.2627950431401849,0.21736000469226965,-0.2775500352428201,0.45047641612758665,-0.37245876215348256,0.8870795635093406,0.4735353915769353,-0.48786968787362117,0.7348768724724152,0.8001889287976923,0.7044581586679772,0.0732609551421529,0.547110788900806,-1.1928651108093824,0.6997020972401873,-0.23754474185674151,0.735243050495901,-0.15366482358604158,-0.5402184245970741
213,-0.320146574630009,0.8882561372653446,0.7678777076510077,-0.2775500352428201,0.5348526521948794,-0.08260214058671046,0.06094531972161066,-0.7686290375059107,-0.021478036247930744,-2.074857958006941,0.7879877721873262,0.362844995211009,-0.9143007510381747,0.7134955747930116,6.936405547150773,7.34828314842875,-0.23754474185674151,-0.26878886480438774,-0.3396924285185532,0.2864985330591737
214,-0.3597445412388054,1.2815714548656392,0.05120916325256624,-0.2775500352428201,0.7401479593380487,-0.05797380636468619,1.8079744965697813,-0.7326682862971374,-0.48786968787362117,0.5661227472099285,0.7790843004380922,0.6981139142037764,-0.19008883317260114,-0.6047838826606167,-0.07158639936660227,-0.07153330469768586,-0.37144512321810186,0.735243050495901,-0.15366482358604158,-0.5402184245970741
215,-0.37245493230299426,-0.3464778822842624,-0.5294144218194304,-0.2775500352428201,0.7860320781604355,1.3373653143284756,-0.20482607664958466,0.43713292616784455,-0.15483999847569413,0.5447414933512801,-0.686052498926801,0.6966498577889608,-1.737268839521781,0.15674648353832377,0.339549128162417,-0.6300141129975251,-0.37144512321810186,0.7451226852957976,-0.3244791085304533,0.6338679064886822
216,-0.32775060090174674,-0.648072080539062,-0.1840378812587902,-0.012968895138432008,0.8217625081603842,2.134305416645759,-0.5065147545289869,-0.7703450140132829,-0.21240074049217694,0.03022425252484345,-0.7161920017545906,0.43751187236660355,-0.7085587289172731,0.7710903083710828,-0.07158639936660227,0.4780827288672353,-0.23754474185674151,-0.26161754295671047,0.48430953598993065,0.29330749888050206
217,-0.31378116500242154,-2.0191040777057627,-2.2926714945935514,-0.2775500352428201,-0.5605511046772815,3.05269262468533,-0.9566088532915685,1.5249998309203814,0.19029354880559285,0.4738644787884265,-1.8538692810134787,0.5770852505790219,0.8139322347773986,2.831701887497628,-0.613537776563946,-0.6300141129975251,-0.37144512321810186,4.156247985909191,-0.08530813557689401,-0.5402184245970741
218,-0.3734665632592366,-0.29742486298184934,-0.6891384307863186,-0.2775500352428201,-0.08748540239632539,0.725149343769996,0.6227097419321264,-0.7342378516080528,-0.48786968787362117,0.6524588851893617,-0.7305357818068051,0.76643654689517,0.5670418082323169,0.495915470164743,-0.35190607722729733,-0.6300141129975251,-0.23754474185674151,0.7451226852957976,-0.28941099565087364,0.41614496890791686
219,-0.3145441999093208,-0.07580766987849137,-0.41363430839533133,-0.2775500352428201,0.5696255337563073,1.521938747098011,0.8370801124631891,0.5512399306050012,0.5564797209874348,0.015718281565338294,-0.727760102005197,0.7527720203568914,-1.737268839521781,0.9118774348952569,-0.015522463794463206,1.4354784002383882,0.8336583090341414,0.7451222336656728,-0.303360734955137,0.7132123153132314
220,-0.39077721722452025,-0.5565191326005203,-1.0110432388830577,-0.2775500352428201,-2.089130689472792,-0.2879951491485101,0.6227097419321264,1.6511729985026744,-0.48786968787362117,0.9209628096782116,-0.7508095495225453,0.8328071043668096,1.2254162790192016,1.1230581246815174,-1.0994252181891506,-0.6300141129975251,-0.37144512321810186,0.7451308146380484,-0.16722592301136505,-0.5402184245970741
221,-0.3720201630021057,1.2627950431401849,0.21736000469226965,-0.2775500352428201,0.45047641612758665,-0.37245876215348256,0.8870795635093406,0.4735353915769353,-0.48786968787362117,0.7348768724724152,0.8001889287976923,0.7044581586679772,0.97852585247412,0.6942973302669879,-1.1928651108093824,-0.2754231236008018,-0.23754474185674151,0.735243050495901,-0.15366482358604158,-0.5402184245970741
222,-0.32775060090174674,-0.648072080539062,-0.1840378812587902,-0.012968895138432008,0.8217625081603842,2.134305416645759,-0.5065147545289869,-0.7703450140132829,-0.21240074049217694,0.03022425252484345,-0.7161920017545906,0.43751187236660355,-0.9143007510381747,0.8222856271071461,-0.07158639936660227,0.6997020972401873,-0.23754474185674151,-0.26161754295671047,0.48430953598993065,0.29330749888050206
223,-0.39077721722452025,-0.5565191326005203,-1.0110432388830577,-0.2775500352428201,-2.089130689472792,-0.2879951491485101,0.6227097419321264,1.6511729985026744,-0.48786968787362117,0.9209628096782116,-0.7508095495225453,0.8328071043668096,-1.1611911775832566,1.1230581246815174,-1.0994252181891506,1.940770560128719,-0.37144512321810186,0.7451308146380484,-0.16722592301136505,-0.5402184245970741
224,-0.3776109997238736,1.219957365633278,0.2213022958840022,-0.2775500352428201,-0.17677760064092657,-0.407377980025854,0.6227097419321264,-0.7626131194152546,-0.48786968787362117,0.6749838594104044,-0.660341341356972,-0.04806683854722993,1.0032148951286282,0.9694721684733277,-0.8471375081145252,-0.6300141129975251,-0.37144512321810186,-0.11070138491734807,-0.1449304447559048,-0.5402184245970741
225,-0.32912226477246626,1.2627950431401849,0.16153536575675825,-0.2775500352428201,0.6778638474448703,-0.26863952566828997,1.8729498434787841,-0.6354990363319762,-0.6543845324320617,0.8211618474448513,0.7648142793152242,0.6824973124457436,-0.10779202432424043,0.8478832864751777,-1.4825287779321006,1.1252112845162556,-0.37144512321810186,0.735243050495901,-0.1771677243481592,0.433528183827423
226,-0.3283134499459096,1.2627950431401849,0.20263558790161793,-0.2775500352428201,0.6819196008583778,-0.21984102532411273,0.8870540623600569,0.6081171004955489,-0.6543845324320617,0.8211784440165129,0.7435168671253365,0.7044581586679772,-0.10779202432424043,0.9374750942632881,-1.4825287779321006,1.1252112845162556,-0.37144512321810186,0.735243050495901,-0.14634679242611637,1.4072747926532092
227,-0.3734665632592366,-0.29742486298184934,-0.6891384307863186,-0.2775500352428201,-0.08748540239632539,0.725149343769996,0.6227097419321264,-0.7342378516080528,-0.48786968787362117,0.6524588851893617,-0.7305357818068051,0.76643654689517,0.3201513816872348,0.26553653585245823,-0.07158639936660227,-0.6300141129975251,-0.23754474185674151,0.7451226852957976,-0.28941099565087364,0.41614496890791686
228,-0.3283134499459096,1.2627950431401849,0.20263558790161793,-0.2775500352428201,0.6819196008583778,-0.21984102532411273,0.8870540623600569,0.6081171004955489,-0.6543845324320617,0.8211784440165129,0.7435168671253365,0.7044581586679772,-0.21477787582710933,0.5535102037428139,-1.2582730356435448,1.0099692129623203,-0.37144512321810186,0.735243050495901,-0.14634679242611637,1.4072747926532092
229,-0.3688362591488827,1.489818751747029,0.2919411346393767,-0.2775500352428201,2.77534590775821,-0.2875786694888214,-1.297065801632463,1.091680239038666,0.5809173595511945,-3.630183392433036,0.8215558629439842,0.6776171243963584,-1.737268839521781,0.5087142998487588,-0.9125454329486874,2.3840092968746234,-0.37144512321810186,0.735243050495901,-0.2735208521523463,1.4072747926532092
230,-0.3283134499459096,1.2627950431401849,0.20263558790161793,-0.2775500352428201,0.6819196008583778,-0.21984102532411273,0.8870540623600569,0.6081171004955489,-0.6543845324320617,0.8211784440165129,0.7435168671253365,0.7044581586679772,-0.4122902170631748,0.25913712101045033,-1.0713932504030814,0.7972146193242863,-0.37144512321810186,0.735243050495901,-0.14634679242611637,1.4072747926532092
231,-0.3283134499459096,1.2627950431401849,0.20263558790161793,-0.2775500352428201,0.6819196008583778,-0.21984102532411273,0.8870540623600569,0.6081171004955489,-0.6543845324320617,0.8211784440165129,0.7435168671253365,0.7044581586679772,-0.3876011744086666,0.06715467575021339,-0.8751694759005947,0.8238089435290405,-0.37144512321810186,0.735243050495901,-0.14634679242611637,1.4072747926532092
232,-0.3720201630021057,1.2627950431401849,0.21736000469226965,-0.2775500352428201,0.45047641612758665,-0.37245876215348256,0.8870795635093406,0.4735353915769353,-0.48786968787362117,0.7348768724724152,0.8001889287976923,0.7044581586679772,0.6493386170806772,0.6367025966889167,-1.1928651108093824,0.07916786579592157,-0.23754474185674151,0.735243050495901,-0.15366482358604158,-0.5402184245970741
233,-0.37245493230299426,-0.3464778822842624,-0.5294144218194304,-0.2775500352428201,0.7860320781604355,1.3373653143284756,-0.20482607664958466,0.43713292616784455,-0.15483999847569413,0.5447414933512801,-0.686052498926801,0.6966498577889608,-1.2599473482012895,0.2911341952204899,0.1807013107080235,-0.6300141129975251,-0.37144512321810186,0.7451226852957976,-0.3244791085304533,0.6338679064886822
234,-0.3720443529756274,-0.27936131708587747,-0.7059360193423946,-0.2775500352428201,-0.004143368019276284,1.19057388554258,0.8371062066624565,-1.1181778726096347,-0.48786968787362117,0.8135092272356657,-0.6418579037648398,0.7788778574709927,-0.9143007510381747,1.0718628059454542,-0.5387858624677606,1.1429408339860918,-0.23754474185674151,0.7451226852957976,-0.18703180691012855,0.433528183827423
235,-0.28419203496574785,-0.3279190941367549,-0.7550636605081004,-0.2775500352428201,0.630761917506952,0.9137040900339958,1.8729486573788174,-0.539723552989819,-0.8208993770373434,0.9384212774171146,-0.8392628985328063,0.7605803212359078,-1.2599473482012895,-0.48319500066246657,1.1898521510065256,-0.11585717837227626,-0.23754474185674151,0.7451226852957976,-0.0867683183327383,0.433528183827423
236,-0.36783383424677146,-0.1445718852087367,-0.44210042591144944,-0.2775500352428201,-0.861610593432449,0.4055700336080729,0.8870795635093406,-0.7022040683196085,0.7151599159950531,1.0461391622895415,-0.7321068590767911,0.7283710801099651,-0.7085587289172731,0.6623002560569483,-0.07158639936660227,0.4780827288672353,-0.37144512321810186,0.7451222336656728,-0.2411438901917974,0.8342076287486523
237,-0.3720201630021057,1.2627950431401849,0.21736000469226965,-0.2775500352428201,0.45047641612758665,-0.37245876215348256,0.8870795635093406,0.4735353915769353,-0.48786968787362117,0.7348768724724152,0.8001889287976923,0.7044581586679772,-1.078894368734896,0.3423295139565532,-1.1928651108093824,1.940770560128719,-0.23754474185674151,0.735243050495901,-0.15366482358604158,-0.5402184245970741
238,-0.3714103681617373,-0.30981192878731645,-0.7153754805499273,-0.2775500352428201,1.109830027326245,1.084819981639203,1.529233097062749,0.8518063656143311,-0.48786968787362117,0.8179575294337945,-0.7249929481964756,0.7966937128013587,-0.09133266255456829,0.6814985005829721,-0.5387858624677606,0.25646336049428325,-0.23754474185674151,0.7451226852957976,-0.1477443988434903,0.9743522060218182
239,-0.2790401969144429,-0.12814236587105896,-0.17271460885653378,-0.2775500352428201,0.006588286321138771,0.38247891002501594,-0.20484367046575733,2.0503392417511823,0.9836450286485656,1.2212395963784752,-0.8392115212022376,0.7566761707963996,0.7316354259290379,1.1742534434175809,-0.5387858624677606,-0.6300141129975251,-0.23754474185674151,0.7451222336656728,-0.14634679242611637,1.4072747926532092
240,-0.3145441999093208,-0.07580766987849137,-0.41363430839533133,-0.2775500352428201,0.5696255337563073,1.521938747098011,0.8370801124631891,0.5512399306050012,0.5564797209874348,0.015718281565338294,-0.727760102005197,0.7527720203568914,-1.5479861791705516,0.8734809458432093,-0.015522463794463206,1.222723806600354,0.8336583090341414,0.7451222336656728,-0.303360734955137,0.7132123153132314
241,-0.2787555539635049,-0.09102478957604405,-0.271361671679049,-0.2775500352428201,0.05771058971716048,0.3085377831158493,0.4531970790915812,-0.5067863530993323,0.9836450286485656,1.2214596360308954,-0.8391580623385689,0.7225148544507027,0.3201513816872348,0.617504352162893,-0.07158639936660227,-0.6300141129975251,-0.23754474185674151,0.7451222336656728,-0.14091491403608894,1.4072747926532092
242,-0.3706923611151124,-0.26697425128041036,-0.6957129971526542,-0.2775500352428201,1.1117381358159235,1.9861784287481656,0.8371062066624565,0.467685857737153,-0.48786968787362117,0.8133840595483017,-0.6372613550877133,0.7769257822512385,-0.823774261304978,1.539020089412031,-0.8471375081145252,1.3379658781542894,-0.23754474185674151,0.7451226852957976,-0.18703180691012855,0.433528183827423
243,-0.37245493230299426,-0.3464778822842624,-0.5294144218194304,-0.2775500352428201,0.7860320781604355,1.3373653143284756,-0.20482607664958466,0.43713292616784455,-0.15483999847569413,0.5447414933512801,-0.686052498926801,0.6966498577889608,-1.4080816041283384,0.24633829132643453,0.23676524628016204,-0.6300141129975251,-0.37144512321810186,0.7451226852957976,-0.3244791085304533,0.6338679064886822
244,-0.28620663801163954,-0.16981570486324682,-0.7892848701966623,-0.2775500352428201,2.091126798008337,0.2674983244653396,0.715631976256456,-0.804469877371919,0.08655077974330216,-0.654385532964323,1.5471055457127632,0.42140725180363214,0.3201513816872348,-1.2383259520193992,2.2644109161391897,-0.6300141129975251,-0.37144512321810186,2.117256637254706,-0.30474467989971216,1.3467366510897127
