No.,Ts/Mpa,Eb/%,E
1,11.77505042,421.7351062,0.818884165
2,11.48421361,427.4385768,0.776820148
3,9.99630125,424.5569451,0.771762513
4,15.61255115,308.3002802,0.759550798
5,13.09271488,399.9871224,0.810000566
6,12.10066231,492.52463,0.770063087
7,15.61255115,308.3002802,0.759550798
8,16.25798315,469.5422394,0.793326982
9,18.15858433,554.975753,0.803202221
10,17.38275461,589.7858238,0.790191396
11,15.12504212,454.9575493,0.816858141
12,14.06383191,436.2583126,0.774469222
13,14.65800967,457.8582074,0.764658314
14,15.70625212,299.208803,0.757018779
15,16.28506973,388.6940202,0.808925968
16,14.85553124,527.141356,0.7660792
17,15.70625212,299.208803,0.757018779
18,18.84025195,470.2138405,0.792252384
19,17.81299778,500.7244337,0.810334222
20,18.84211543,541.9980613,0.785270654
21,17.53049193,466.317197,0.819295219
22,16.00416298,378.5482832,0.77775989
23,16.85203302,476.5873272,0.767469212
24,18.0114886,313.9541459,0.759329058
25,18.23434837,397.4603838,0.814385796
26,16.9237435,453.0999289,0.768741095
27,18.0114886,313.9541459,0.759329058
28,20.790306,478.0991285,0.767937545
29,19.90903681,511.8735396,0.786168436
30,20.41772611,552.3052504,0.788158992
31,13.51546747,438.4123508,0.819815243
32,15.15220579,388.8119114,0.773749489
33,16.04379122,441.0637695,0.768858727
34,19.99650236,321.3788175,0.759833521
35,13.65284117,412.391774,0.810961145
36,15.63177524,443.5016488,0.768849772
37,19.99650236,321.3788175,0.759833521
38,18.56911575,478.4597539,0.77849604
39,19.56467859,565.5158149,0.784502778
40,19.57894242,609.7497286,0.784899099
41,28.11168764,245.8136713,0.611029079
42,27.63158176,208.3540065,0.458991992
43,27.8790149,233.82577,0.320437387
44,30.25691624,236.012297,0.560764405
45,28.14719594,241.2585854,0.579368753
46,27.78747876,243.8658872,0.448702912
47,30.25691624,236.012297,0.560764405
48,25.61688333,241.8831931,0.491736214
49,24.87665328,267.6988466,0.542089121
50,25.10368711,269.2820237,0.536177133
51,29.0559418,244.8815354,0.616144264
52,27.20788994,198.1490734,0.499087066
53,28.99406254,220.2185045,0.309410307
54,30.42972438,241.3659389,0.551000096
55,29.26988974,231.5916612,0.591096668
56,28.06703894,236.7357581,0.488808826
57,30.42972438,241.3659389,0.551000096
58,26.15409976,241.9400725,0.484691132
59,25.39834914,249.1346104,0.535585082
60,26.72870534,253.9572205,0.54433213
61,28.54833541,255.4141748,0.631510385
62,27.95645097,206.9111608,0.590872216
63,28.1990516,231.0324327,0.436389985
64,30.7501216,232.6931126,0.646554104
65,28.73903738,240.4800822,0.611627654
66,28.21969949,244.2897266,0.57862477
67,30.7501216,232.6931126,0.646554104
68,25.84111057,242.309097,0.5110746
69,24.89725603,259.6719826,0.561427442
70,26.16664598,263.5264717,0.568386334
71,30.4428987,276.3743355,0.612943405
72,30.5691596,234.4243497,0.494501416
73,32.01757484,248.2266141,0.328667927
74,33.23004431,248.955957,0.608588951
75,31.01978164,270.429317,0.580856952
76,31.49528708,277.2703748,0.482253855
77,33.23004431,248.955957,0.608588951
78,26.2234848,302.5209025,0.504482975
79,25.24615911,334.424659,0.54352762
80,25.35253116,336.4024541,0.537615633
81,19.24894692,312.6121021,0.886161569
82,19.75931762,282.2632641,0.856085045
83,19.15927986,271.952294,0.83889545
84,20.79925001,300.251505,0.848423956
85,19.51849196,297.9723893,0.86415042
86,19.54748493,324.5100678,0.849905529
87,20.79925001,300.251505,0.848423956
88,21.66020865,345.3685519,0.865181707
89,23.07089221,401.0637168,0.889209563
90,23.43737326,419.0054778,0.885381385
91,19.95434232,315.458062,0.886309999
92,19.74668426,261.4959302,0.868440672
93,20.03783635,258.5209015,0.84585928
94,21.47286548,282.138681,0.855387785
95,21.06227382,283.657754,0.869256242
96,20.08821171,299.777506,0.862272
97,21.47286548,282.138681,0.855387785
98,22.75603334,344.5089157,0.858529939
99,24.15364301,368.8666446,0.882557785
100,24.5545143,369.6263741,0.890487206
101,20.29466705,325.5181846,0.924877917
102,20.71663644,273.7294468,0.900202384
103,20.443144,269.2576648,0.871033917
104,22.29908073,297.3610637,0.868830993
105,21.116321,299.2803973,0.91674141
106,20.51037445,310.547023,0.894022863
107,22.29908073,297.3610637,0.868830993
108,24.31309894,340.7022882,0.876492232
109,25.67688851,384.05819,0.900040313
110,26.0847598,385.0017623,0.907613769
111,21.00192097,325.2909742,0.910823761
112,20.72818632,286.819521,0.851065517
113,21.029395,269.2582884,0.838592032
114,21.85843377,313.5447593,0.835340684
115,21.42144161,328.754575,0.888812607
116,21.01322331,321.5469685,0.844885996
117,21.85843377,313.5447593,0.835340684
118,19.77841572,373.5487645,0.860112509
119,20.87171467,413.8450291,0.883660605
120,20.98971421,434.6188235,0.880177527
121,13.41245938,992.738983,0.712631088
122,12.3965463,506.4275101,0.615129154
123,12.29824859,644.343977,0.424064619
124,17.06216776,832.4031136,0.583070033
125,12.9619883,793.2047163,0.696776154
126,12.66008041,603.4174372,0.619345105
127,17.06216776,832.4031136,0.583070033
128,15.86454656,707.9394973,0.530246947
129,16.43716564,806.052629,0.629259438
130,15.89681703,804.1650966,0.621008115
131,15.81080522,1086.958165,0.707569774
132,15.91207617,685.6248483,0.612837398
133,15.66718285,786.7542334,0.41807458
134,20.07791311,910.9050938,0.577295455
135,18.9894184,983.9432001,0.695224256
136,16.33066441,914.0648368,0.620487833
137,20.07791311,910.9050938,0.577295455
138,21.95544719,863.8094387,0.52917235
139,19.31186648,936.880395,0.62818484
140,20.35829481,934.6865033,0.614825518
141,16.62288764,1133.482563,0.717790947
142,16.79928889,702.9828181,0.668060603
143,16.53949559,778.7799005,0.489174529
144,20.73190496,896.7520082,0.649799362
145,19.62470009,1020.094219,0.705495094
146,17.08794954,938.110135,0.668694763
147,20.73190496,896.7520082,0.649799362
148,21.97782467,543.386633,0.541396115
149,19.62994631,573.445416,0.639391218
150,20.61734084,572.9504279,0.626031896
151,22.47352962,1089.636313,0.627809312
152,21.94564261,701.1642412,0.573963835
153,23.6195772,802.6878529,0.387369003
154,24.38708086,995.9333698,0.632498571
155,25.27951582,995.8387974,0.610024619
156,23.16450911,825.18138,0.575653365
157,24.38708086,995.9333698,0.632498571
158,20.9615947,828.9438753,0.519829333
159,20.64107976,901.5188687,0.567603977
160,20.54916848,906.8504719,0.562700674
161,11.76110916,545.9919098,0.737803404
162,7.299522543,578.8241022,0.779980511
163,5.742867893,539.0707788,0.655578725
164,11.93117958,655.3400957,0.790764063
165,12.62283963,518.5171712,0.816105586
166,7.250748724,637.9707106,0.776250222
167,11.93117958,655.3400957,0.790764063
168,16.08432019,507.3409681,0.818498406
169,17.24033302,683.6912639,0.810025992
170,19.92266075,649.3700844,0.815381597
171,13.90294962,545.9919098,0.756433364
172,8.48089581,570.9666697,0.679701446
173,8.575435184,540.8016132,0.667855269
174,12.92643287,636.01475,0.769014521
175,14.22456884,510.1679687,0.716525641
176,8.57229731,624.20482,0.681096014
177,12.92643287,636.01475,0.769014521
178,16.38720426,483.5431354,0.705818345
179,16.43550302,580.0217809,0.697345946
180,18.06733464,584.8343969,0.702701537
181,16.67072783,652.7058839,0.759020082
182,9.988934081,659.9403293,0.682657342
183,8.12632808,636.0424082,0.671608215
184,18.75654478,768.3007541,0.771175378
185,16.94162807,607.9199447,0.717613652
186,10.09921309,723.6011964,0.684051885
187,18.75654478,768.3007541,0.771175378
188,18.45072909,591.9235582,0.722011018
189,16.825552,717.6062362,0.710967118
190,18.65466055,725.3811152,0.715897309
191,14.60448092,591.406368,0.725979264
192,3.87846228,624.2588894,0.790141318
193,5.332376785,583.7511981,0.642451667
194,11.80226391,708.5628858,0.784748609
195,15.02814643,562.2716267,0.808708885
196,3.961220278,683.0619995,0.787110148
197,11.80226391,708.5628858,0.784748609
198,16.30316588,611.5343236,0.810064402
199,17.28580266,722.5085849,0.805232223
200,17.37674978,693.121004,0.803162141
201,24.83659194,434.6927598,0.562939173
202,15.59935179,295.3344229,0.486152568
203,12.12440608,370.8536279,0.303511572
204,20.64330649,306.3581643,0.429084874
205,22.49102665,382.7620782,0.563232397
206,16.20249354,340.5979694,0.438840247
207,20.64330649,306.3581643,0.429084874
208,22.36866746,368.6925611,0.562161033
209,19.89719957,399.135986,0.61399861
210,18.54294607,401.4964853,0.603239326
211,26.13531209,412.9603636,0.567313679
212,16.16589789,307.3736767,0.462084256
213,12.86302475,345.9008527,0.3373354
214,21.03448856,288.4401045,0.438215948
215,24.85961988,394.0609582,0.556252617
216,18.52391039,333.2795614,0.41409341
217,21.03448856,288.4401045,0.438215948
218,22.06872296,394.8984142,0.561075585
219,20.28019821,420.3083414,0.607562942
220,20.36345573,413.8906116,0.59859181
221,22.84236479,446.1782966,0.580749495
222,20.09147068,347.6612656,0.549955835
223,18.70152034,386.9069926,0.417650716
224,23.27011993,343.4424785,0.525155362
225,22.02721612,448.941118,0.554638981
226,22.35071987,391.2193806,0.503573754
227,23.27011993,343.4424785,0.525155362
228,20.11173764,485.5366974,0.563113398
229,17.8596691,527.0935494,0.609068129
230,18.11006465,526.9884167,0.600086147
231,25.06754961,488.2879879,0.56006054
232,18.89042962,361.6239333,0.473981417
233,20.85888445,426.0693498,0.316852621
234,27.08834687,339.9295672,0.428079259
235,24.74298915,454.4196491,0.554936702
236,20.0718719,416.1478989,0.427599376
237,27.08834687,339.9295672,0.428079259
238,17.50587273,491.8166706,0.56407536
239,21.05613612,532.4266136,0.615912936
240,20.93586434,535.5753967,0.605153653
241,21.2685046,485.0201982,0.894737432
242,19.4359315,449.7770721,0.867600139
243,18.9180152,459.5380064,0.824412326
244,19.26173834,347.6252223,0.868236484
245,23.2808917,455.8419964,0.896473993
246,19.5838471,534.016453,0.872215065
247,19.26173834,347.6252223,0.868236484
248,20.5265346,570.39117,0.895894868
249,20.63344649,681.7328097,0.905682099
250,22.62535973,685.835111,0.905387299
251,22.19879616,483.7434903,0.904066712
252,20.1746715,443.9395126,0.866885591
253,18.12768612,448.2839449,0.827759635
254,19.70662115,328.2265077,0.872866912
255,22.53806663,444.3687699,0.889704301
256,19.34121019,495.3017379,0.870832782
257,19.70662115,328.2265077,0.872866912
258,20.7649578,586.9712011,0.888786998
259,20.85109477,578.7809788,0.898574249
260,21.22176091,559.8128953,0.898223856
261,20.71800289,480.6996369,0.896142795
262,23.58391856,455.183504,0.8568731
263,21.19592149,446.0555076,0.814126817
264,24.05741378,362.7538158,0.862804434
265,21.4051454,438.1640745,0.886756279
266,21.78803743,517.4347832,0.860809461
267,24.05741378,362.7538158,0.862804434
268,20.19114279,581.06627,0.885133445
269,21.69944675,498.1082267,0.892349192
270,22.03031263,483.2704204,0.892333053
271,22.95373891,481.1158919,0.902709388
272,20.20144661,445.9018988,0.868717326
273,19.85744921,438.9468715,0.829359661
274,19.99146046,372.0530436,0.869700876
275,23.27516254,480.8800613,0.894808994
276,20.89300916,512.6950755,0.872653682
277,19.99146046,372.0530436,0.869700876
278,17.95017219,599.0348171,0.890825675
279,19.22432751,675.4875249,0.900133141
280,19.29095623,679.5522455,0.900183441
281,12.26677743,1241.681664,0.624048267
282,10.79188971,595.7206798,0.599768062
283,10.53869156,676.371168,0.576609874
284,11.24788266,1238.320544,0.475320732
285,13.4958793,1147.369969,0.613003872
286,10.72857833,693.4124964,0.568716018
287,11.24788266,1238.320544,0.475320732
288,10.89945433,933.9633504,0.606857403
289,10.35317798,1171.038759,0.620367827
290,9.81879374,1117.353304,0.628436703
291,14.23825154,1241.681664,0.522427658
292,12.63516374,645.9421507,0.598693464
293,16.66345856,620.1199564,0.476087723
294,11.43180743,1202.24025,0.467417021
295,14.5720264,1210.817022,0.613820515
296,12.52882249,757.0967406,0.572329146
297,11.43180743,1202.24025,0.467417021
298,11.19771296,902.9032914,0.603587421
299,11.96387029,1148.23754,0.622155629
300,12.03892643,1186.281607,0.630224525
301,15.52447283,1286.589631,0.532785233
302,15.65599676,733.7425672,0.61356338
303,15.70232988,779.4058754,0.485405876
304,11.99477137,1210.687798,0.510661844
305,15.85063832,1263.580008,0.614920987
306,15.53622686,983.2989091,0.587199087
307,11.99477137,1210.687798,0.510661844
308,9.923475288,926.6833704,0.615037693
309,11.13620931,1184.270109,0.633062451
310,11.09789411,1223.508027,0.634369877
311,13.76200404,1257.056416,0.631275125
312,6.156553506,761.2437885,0.578200679
313,7.375652004,809.2915373,0.556373735
314,15.90782072,1273.695603,0.449528977
315,13.76251862,1212.5641,0.620400877
316,6.350867795,1001.642378,0.549039921
317,15.90782072,1273.695603,0.449528977
318,9.934216528,1229.015167,0.626276352
319,14.07272268,1281.387173,0.650315041
320,14.27535021,1229.502609,0.641334059
321,6.120677033,604.9286964,0.83808332
322,7.057839017,535.6993315,0.78576312
323,9.897154733,536.3869722,0.764845217
324,13.05373673,628.8648429,0.793566718
325,6.167386452,501.3320143,0.818923182
326,6.804009484,634.6199897,0.767893523
327,13.05373673,628.8648429,0.793566718
328,18.00289883,519.5829445,0.766090185
329,17.61066914,679.3414844,0.78799252
330,19.57327535,614.8672591,0.788983809
331,10.67381647,602.946479,0.840810478
332,13.09344815,528.6824797,0.788583118
333,17.15256707,550.7469628,0.752787128
334,13.37502778,614.2090455,0.764229981
335,8.001234974,483.1487015,0.808656681
336,12.75480264,637.4230989,0.774791926
337,13.37502778,614.2090455,0.764229981
338,18.21646535,477.7877189,0.770833533
339,17.70198004,586.5458422,0.792735864
340,19.74458608,586.5458422,0.799852415
341,13.0569337,740.8536559,0.832131401
342,10.13902465,690.81878,0.783473965
343,13.16973034,705.1162857,0.738226058
344,20.35574988,954.8239243,0.753346969
345,9.643197814,589.3692789,0.820532635
346,9.704138454,840.9820769,0.775628911
347,20.35574988,954.8239243,0.753346969
348,19.24664829,567.8244845,0.768428144
349,17.62158393,701.2062107,0.789719313
350,19.64115041,701.2062107,0.786616895
351,14.13336146,864.2980565,0.825121322
352,11.74306184,837.6783804,0.77295884
353,10.97827379,747.8816722,0.761888189
354,14.1755766,1034.998846,0.775401835
355,14.521039,739.7821175,0.800077083
356,11.8856946,981.8672254,0.737422935
357,14.1755766,1034.998846,0.775401835
358,19.90684639,733.607057,0.769396402
359,19.72724061,780.1795393,0.784759652
360,21.39133498,736.5447504,0.787544058
361,25.29628087,382.6700796,0.661691151
362,18.80882797,231.2105152,0.540852453
363,16.95959889,308.8744893,0.370265362
364,21.13461737,301.0478655,0.574375333
365,21.83984871,342.822017,0.636347816
366,19.24010814,289.7587955,0.47653466
367,21.13461737,301.0478655,0.574375333
368,19.21808738,363.7201752,0.53674027
369,22.24761642,408.4062995,0.580247136
370,20.35984091,405.6031527,0.592467868
371,26.40775061,384.8946324,0.657792366
372,19.87771226,256.1104454,0.504355972
373,17.70757762,308.2598239,0.373460386
374,21.48640124,302.7996719,0.573939565
375,26.09278244,338.9578756,0.621004333
376,23.86240885,310.5603159,0.456708678
377,21.48640124,302.7996719,0.573939565
378,20.29342022,360.0620263,0.532926157
379,23.36565571,396.9223126,0.576433038
380,23.71287487,394.1979876,0.588653756
381,23.42446136,407.2128189,0.672492847
382,21.25214212,294.8581753,0.601759823
383,17.10162124,355.0421429,0.426923803
384,22.96822566,320.1664559,0.592571423
385,23.1154692,364.8381898,0.664206921
386,24.47575086,354.6229879,0.557053753
387,22.96822566,320.1664559,0.592571423
388,18.81825168,390.2249679,0.562321426
389,20.75634579,424.4908928,0.605969476
390,21.49488484,427.0013416,0.59862447
391,27.89491101,403.7434558,0.663998577
392,25.76623476,296.8548259,0.52299951
393,21.28999338,353.2469448,0.373379046
394,28.19720661,317.4650793,0.583799658
395,27.4149772,364.5689447,0.636178362
396,26.9245461,368.5496175,0.464399006
397,28.19720661,317.4650793,0.583799658
398,21.35222713,387.7770313,0.543849118
399,22.16261367,435.4187956,0.587906723
400,22.25599352,431.9347653,0.580227643
401,19.83083869,347.6875231,0.922833564
402,19.60013149,272.7129215,0.872645963
403,20.82390167,273.8594734,0.875221851
404,18.89257357,337.0198111,0.84656303
405,21.67982574,325.8440729,0.906606019
406,18.68335207,334.5506343,0.863657339
407,18.89257357,337.0198111,0.84656303
408,21.10804393,348.5803988,0.870136458
409,20.74635473,399.7753053,0.89744729
410,24.82170111,402.1395856,0.896164612
411,20.55777015,347.9102213,0.922254416
412,20.4040258,275.8116712,0.861295329
413,21.85510465,309.7583893,0.878876299
414,19.16230719,373.7368851,0.845854329
415,20.87234162,336.1448739,0.901448072
416,18.51884124,307.5772223,0.850461422
417,19.16230719,373.7368851,0.845854329
418,20.84257574,356.4439499,0.866014665
419,20.48543537,375.2885416,0.892594656
420,22.70844421,373.1070676,0.908138828
421,19.34313096,368.6213868,0.941264802
422,24.27922707,334.4655031,0.899887095
423,23.91166981,324.7785456,0.894061228
424,23.17473495,360.8697167,0.865264003
425,19.59820212,357.3953941,0.936737949
426,21.67747359,373.5959084,0.893603594
427,23.17473495,360.8697167,0.865264003
428,21.13088453,381.645014,0.904289831
429,20.96540372,394.0028433,0.923980075
430,23.22422628,391.9393234,0.923963952
431,21.47435447,370.3904223,0.930731302
432,20.29314633,335.0044371,0.866819984
433,21.72180547,327.0181247,0.852640963
434,18.40785122,421.2390428,0.825431073
435,21.77506212,365.7653194,0.91121247
436,20.14742169,384.168574,0.852919615
437,18.40785122,421.2390428,0.825431073
438,19.32522507,387.7765788,0.876367483
439,19.16652891,421.069838,0.893750567
440,21.03171766,423.5600546,0.893800852
441,9.975266138,1351.594085,0.692653073
442,8.673081121,736.9072914,0.616881426
443,9.945888729,813.9133538,0.571580671
444,12.08006608,984.4946216,0.553637389
445,9.953401859,942.2104346,0.68700416
446,9.208702585,933.6805886,0.565227278
447,12.08006608,984.4946216,0.553637389
448,13.65512579,793.4672414,0.481699484
449,15.23964297,956.2858255,0.592296637
450,15.37888526,912.1702177,0.586402816
451,15.03382426,1353.54281,0.693682587
452,15.53100819,785.6701258,0.602630645
453,14.56911786,912.4444269,0.565329813
454,12.43285727,952.3370111,0.529860092
455,15.22345348,1142.011092,0.673324412
456,16.90410835,996.0071692,0.551044972
457,12.43285727,952.3370111,0.529860092
458,16.79361527,1126.177866,0.477783634
459,19.78358743,1303.700459,0.593438637
460,20.24203995,1303.700459,0.604683089
461,14.99755281,1357.453866,0.688123215
462,11.57718906,855.3217086,0.605994762
463,12.8356234,1006.8092,0.565562275
464,16.4567903,963.5778804,0.532648106
465,14.91296602,1152.88127,0.686479409
466,12.3978176,1079.486906,0.593220329
467,16.4567903,963.5778804,0.532648106
468,15.00691361,1152.573178,0.496701457
469,18.26242121,1335.064954,0.608999765
470,18.66086517,1335.064954,0.616076457
471,23.4037902,1234.586957,0.696108835
472,20.73455435,778.9049255,0.576538375
473,10.64733233,911.171934,0.541504853
474,24.03513717,997.7350379,0.564752099
475,23.23453259,1133.12023,0.680046754
476,23.48347807,963.2529752,0.527693721
477,24.03513717,997.7350379,0.564752099
478,19.66802423,1088.787235,0.496466947
479,21.06316374,1158.403391,0.61759238
480,21.11934708,1053.463884,0.613458689
481,11.78706047,371.4200205,0.874917478
482,11.52222135,547.9690925,0.829016531
483,9.837577608,541.2233129,0.827574043
484,11.42198647,335.0872053,0.825641386
485,12.64977236,362.8647785,0.877463183
486,11.80436056,615.2750157,0.81778445
487,11.42198647,335.0872053,0.825641386
488,11.94412552,388.8549411,0.866547437
489,11.64481203,472.1746122,0.862711921
490,11.25921245,472.9206168,0.855030482
491,15.17731327,409.7196881,0.879354566
492,14.30035839,552.8362499,0.81662839
493,14.55888876,595.6264304,0.820195954
494,11.98541681,337.8440991,0.828376857
495,15.8095946,332.8962779,0.867029936
496,14.82017847,681.3279346,0.805322589
497,11.98541681,337.8440991,0.828376857
498,13.83721994,359.0511244,0.858923531
499,12.58944956,393.9152055,0.858452971
500,13.7076958,403.6893696,0.843560451
501,17.24723786,416.6446975,0.876725082
502,15.97373971,341.2149568,0.819106309
503,16.40475011,412.707382,0.822575183
504,10.79561726,355.1947893,0.830191695
505,17.38725397,337.4555177,0.868777635
506,16.72520633,418.4549447,0.80769338
507,10.79561726,355.1947893,0.830191695
508,12.5434757,368.1367362,0.848181565
509,11.46472395,409.489842,0.847338363
510,12.6858951,411.5774336,0.8448284
511,11.26448687,372.7349265,0.888649306
512,13.15520282,358.0213163,0.826683495
513,13.06394452,369.9627568,0.826060427
514,17.59600775,348.3426986,0.809737619
515,11.59492846,361.6470137,0.880341572
516,13.52360294,398.7600865,0.814770884
517,17.59600775,348.3426986,0.809737619
518,14.1436014,388.2157148,0.838442853
519,14.56654843,471.3984194,0.831448699
520,14.86394055,472.1431976,0.831062335
521,15.37452364,276.2930698,0.790800181
522,15.12485318,234.8095763,0.64356385
523,15.16640519,253.9009515,0.607505943
524,14.94782507,267.5348694,0.691415476
525,15.01989615,267.9323294,0.768351905
526,15.12485318,275.5241482,0.632918558
527,14.94782507,267.5348694,0.691415476
528,15.5154488,265.5630971,0.761474976
529,15.17757582,301.8021922,0.763005115
530,15.34619029,302.7569851,0.762617731
531,15.65957446,277.1831758,0.788902625
532,14.87466709,221.049899,0.674936775
533,15.4475974,239.6370854,0.59538966
534,14.80566929,275.5088014,0.678490389
535,15.5529339,256.7756103,0.764866857
536,15.29591652,265.318155,0.664291488
537,14.80566929,275.5088014,0.678490389
538,15.27011227,265.625545,0.744381416
539,14.93758187,281.3101602,0.745911555
540,15.00100048,285.9715884,0.764350232
541,16.16777168,265.3710345,0.788775446
542,15.79181968,206.093566,0.747888422
543,15.75032348,218.7417807,0.701270678
544,15.67627898,235.5709564,0.766756738
545,15.97759184,251.0999872,0.7699735
546,15.69877223,239.2908215,0.734125435
547,15.67627898,235.5709564,0.766756738
548,15.91239919,250.3775138,0.755303144
549,15.5128461,269.0808641,0.757538798
550,15.90327527,273.1078079,0.767490907
551,17.9860927,304.4756474,0.831443682
552,18.43746271,262.7496814,0.702897307
553,18.47776642,264.9723347,0.651330515
554,18.07611312,284.5038233,0.766595814
555,18.30658625,296.8399833,0.804632949
556,18.54101911,304.93709,0.691814645
557,18.07611312,284.5038233,0.766595814
558,14.82217913,329.7247012,0.808874262
559,14.70664908,365.9522794,0.79587215
560,14.75387796,367.11002,0.794896042
561,13.30013246,327.5636179,0.844656398
562,13.44772288,309.4111578,0.789655589
563,13.26201351,304.285806,0.83031191
564,12.48044422,323.656703,0.81539225
565,13.48637562,319.3947591,0.8194745
566,13.26201351,358.8202074,0.782487351
567,12.48044422,323.656703,0.81539225
568,13.74766276,377.6946188,0.831930736
569,13.58418492,442.6331853,0.830863647
570,13.93288367,443.3325164,0.833879476
571,14.22477669,327.7734265,0.850516257
572,13.87255197,276.8466775,0.81719152
573,14.18400765,280.3819998,0.843116738
574,13.09404739,295.8732052,0.828197104
575,14.74026401,293.0327181,0.832136846
576,14.18400765,320.1404344,0.810023252
577,13.09404739,295.8732052,0.828197104
578,14.41052609,376.759246,0.832190865
579,14.23916593,395.0956887,0.831123756
580,14.61491134,371.5757595,0.846541838
581,12.56314842,345.8692125,0.877946895
582,12.77880008,295.1927842,0.839190328
583,12.60232834,297.4626058,0.867000485
584,11.93357215,317.4293603,0.833979972
585,12.83080754,313.8070105,0.866970649
586,12.60232834,333.6610408,0.832022075
587,11.93357215,317.4293603,0.833979972
588,13.56290202,373.3357213,0.839500443
589,13.35124684,419.5855624,0.837953583
590,13.80547604,394.6077582,0.853108711
591,16.38594121,348.3706362,0.88063251
592,16.1083675,319.5901126,0.796212891
593,16.36409373,298.9584264,0.840573878
594,15.00591521,336.2923998,0.8001502
595,16.63770026,357.747626,0.855713581
596,16.33897815,357.8629317,0.789044657
597,15.00591521,336.2923998,0.8001502
598,13.74648633,422.6460475,0.838438358
599,13.73224188,472.1670624,0.836891498
600,14.05915798,472.9130551,0.839907358
601,10.5734485,1329.07877,0.733620754
602,10.37624188,687.7707378,0.654800206
603,9.827308427,813.2562307,0.564950296
604,8.256011407,1309.572634,0.739830743
605,11.01602045,1078.012494,0.736172873
606,10.21033243,792.990651,0.642450401
607,8.256011407,1309.572634,0.739830743
608,8.805467532,1128.82604,0.822134312
609,8.914210876,1303.440909,0.715953422
610,7.931336557,1305.50026,0.711218018
611,13.54290127,1469.735312,0.728793285
612,13.00810668,902.686315,0.64438458
613,12.71603843,1000.944424,0.559597407
614,8.310578265,1488.768155,0.741499179
615,13.81401729,1295.551363,0.732451986
616,13.07390538,1217.883228,0.63264159
617,8.310578265,1488.768155,0.741499179
618,9.523074193,1330.415084,0.821170091
619,8.824068344,1423.457009,0.714989201
620,9.530099199,1454.937421,0.707999117
621,16.84254805,1395.860766,0.703945935
622,16.62973513,801.4378322,0.66846658
623,16.21826092,867.7408895,0.599999534
624,8.357729489,1289.448387,0.783178804
625,17.05960211,1218.744508,0.697149256
626,16.5334219,1082.000636,0.654821104
627,8.357729489,1289.448387,0.783178804
628,9.696484118,418.2401014,0.812052034
629,8.682624946,461.9684541,0.703408627
630,9.660315604,472.8848727,0.692745884
631,13.79953658,1468.443905,0.892685634
632,13.41282601,969.4478696,0.812882375
633,13.15602754,1048.423518,0.74000232
634,13.29519811,1551.116469,0.800845581
635,13.71623349,1383.032551,0.890498629
636,13.88918628,1104.107857,0.830235545
637,13.29519811,1551.116469,0.800845581
638,10.59219809,1291.206127,0.838232477
639,10.7106246,1402.098234,0.841102077
640,10.87059719,1404.313457,0.840739549
641,6.48245014,714.374734,0.854486052
642,6.691475737,742.7218881,0.830837219
643,6.672072956,720.9512021,0.804558391
644,13.54368333,848.6816047,0.815991594
645,6.422817442,677.992433,0.870608523
646,6.684228733,842.2838524,0.830023512
647,13.54368333,848.6816047,0.815991594
648,11.96506176,687.1730461,0.863314151
649,11.87297572,945.28626,0.861762395
650,13.96101684,899.2432682,0.868502959
651,7.292627806,714.374734,0.849311775
652,7.271513768,738.5269167,0.814189746
653,9.348934145,721.7885151,0.808877582
654,13.59205535,855.664041,0.802534197
655,6.908419287,672.4358307,0.852853705
656,7.408050553,835.3806757,0.813185092
657,13.59205535,855.664041,0.802534197
658,11.98248597,624.3084969,0.835381076
659,12.37996999,772.8386885,0.833829375
660,13.84797951,776.2534045,0.840569944
661,14.4754117,816.9348516,0.854966834
662,12.05415713,818.8972327,0.823660512
663,12.71467267,816.3134811,0.820016147
664,12.0133813,1013.646836,0.821865412
665,13.24451422,811.7981329,0.857010056
666,12.37507559,927.8822602,0.822655863
667,12.0133813,1013.646836,0.821865412
668,9.610747404,753.1330504,0.847327673
669,9.190093017,948.3500324,0.844005088
670,10.84608002,952.540229,0.839472467
671,11.90094433,782.2460706,0.86900301
672,5.123063,811.418309,0.864858819
673,9.311467686,793.9897962,0.834898464
674,18.57115677,1018.909585,0.836585993
675,11.22123129,741.1339862,0.899390389
676,5.265506601,919.4080907,0.862126027
677,18.57115677,1018.909585,0.836585993
678,12.18784418,815.9055138,0.874312034
679,12.509359,984.5869563,0.876045313
680,12.76474986,938.1093035,0.87565895
681,11.2101052,285.1587268,0.784839721
682,10.27505623,240.7613207,0.710394111
683,11.62914191,273.5891632,0.595850951
684,12.53022499,295.9937905,0.686223846
685,10.62933667,252.8467336,0.792240188
686,10.1135952,278.887502,0.69427696
687,12.53022499,295.9937905,0.686223846
688,11.5700622,253.412014,0.80702685
689,11.32551768,282.8765182,0.796071084
690,10.83374577,283.3234443,0.79568372
691,11.6152349,271.6765247,0.788508581
692,11.82637231,245.2828439,0.679489835
693,12.21072767,255.3262485,0.632750965
694,12.58068372,279.9937029,0.692685224
695,11.56708549,256.3677004,0.779633004
696,12.79226334,270.1899708,0.663898115
697,12.58068372,279.9937029,0.692685224
698,11.4572118,267.7288566,0.795219204
699,11.23539184,293.5443386,0.784263439
700,11.40766722,282.7378862,0.783876075
701,14.08427171,314.0455155,0.80182239
702,15.28932547,268.3217976,0.726798699
703,13.18500412,276.8999505,0.667436685
704,15.38487576,324.7807362,0.730494708
705,14.10992429,313.3784493,0.775062833
706,16.08258924,314.61456,0.716646759
707,15.38487576,324.7807362,0.730494708
708,14.19488561,341.1941015,0.76676892
709,14.08220923,385.0389267,0.770547318
710,14.23447384,387.5095589,0.770159954
711,16.12261744,319.6471481,0.783883924
712,20.49409302,273.4265961,0.664088645
713,20.86743974,294.6923745,0.57921236
714,21.80927926,313.2737044,0.666101492
715,16.49957594,297.4604022,0.785742248
716,20.04778601,325.282713,0.65328616
717,21.80927926,313.2737044,0.666101492
718,13.15145449,325.8522478,0.784026615
719,13.28119292,367.3856627,0.786462669
720,13.30112781,368.7617996,0.776855055
721,14.51227494,496.7178745,0.857676254
722,14.60546256,487.6667421,0.821610147
723,17.38311221,509.820951,0.825625395
724,16.96499462,370.8967395,0.818504121
725,14.29177202,494.3366784,0.856965684
726,14.36963722,574.5253529,0.814441913
727,16.96499462,370.8967395,0.818504121
728,14.48032971,592.4032368,0.852360274
729,14.54295328,717.6826513,0.854885977
730,14.65724548,718.8165423,0.854992777
731,14.88031811,501.2859666,0.854663558
732,17.00451258,461.752353,0.81405965
733,17.16062178,487.1789582,0.83151882
734,17.09320806,343.479907,0.813866519
735,14.86380528,456.8427337,0.851917664
736,17.44978521,512.78946,0.807416832
737,17.09320806,343.479907,0.813866519
738,14.66393402,596.2256621,0.847378613
739,14.62205595,577.5907878,0.849904331
740,14.95820778,554.5170577,0.849944707
741,13.70022962,488.3754097,0.851432493
742,16.13615776,462.6937064,0.813880321
743,14.61510657,476.1725973,0.824070771
744,16.18233681,371.5460407,0.819227888
745,14.18026005,446.4511042,0.846117713
746,15.84266852,527.2794335,0.807237493
747,16.18233681,371.5460407,0.819227888
748,14.01121003,578.4043614,0.842153416
749,13.96519767,487.5046033,0.842908265
750,14.36679142,468.1777246,0.842948641
751,17.88097834,496.7809503,0.867687742
752,22.87579164,474.6011875,0.833821835
753,22.98295558,474.7777178,0.845821845
754,22.75399405,385.3055483,0.823812779
755,18.12784229,512.0437712,0.868446576
756,22.7745537,540.5853241,0.826653566
757,22.75399405,385.3055483,0.823812779
758,13.95035057,624.8188933,0.861072522
759,14.11032785,716.2674541,0.863118466
760,14.37269003,717.3991092,0.863225265
761,12.00315359,1252.939411,0.735866475
762,13.05788344,777.9982311,0.712004556
763,12.32713296,897.7349277,0.705161435
764,15.42067859,1434.848006,0.801159186
765,12.40312208,1155.128562,0.738109414
766,13.09499524,923.2242568,0.703124909
767,15.42067859,1434.848006,0.801159186
768,14.08027953,1170.407328,0.726147028
769,13.9142194,1414.294692,0.726721008
770,15.42183992,1345.407243,0.729178766
771,13.12375938,1252.939411,0.707334014
772,13.89680151,849.4375767,0.701952389
773,17.55483387,820.417415,0.679678831
774,15.73080302,1447.178591,0.791494424
775,12.82585662,1221.013,0.729948488
776,13.91641503,1005.416389,0.696692127
777,15.73080302,1447.178591,0.791494424
778,14.2344011,1093.318151,0.725182788
779,14.67937313,1274.978967,0.719478182
780,16.06701514,1292.430692,0.72193594
781,17.52073277,1555.682803,0.697902609
782,16.99491561,1017.771156,0.710262456
783,16.57480102,1082.702327,0.677207834
784,10.20819242,1461.117214,0.792399861
785,17.26875311,1529.24671,0.730141155
786,17.17881749,1371.941106,0.70282688
787,10.20819242,1461.117214,0.792399861
788,8.699548521,1267.393319,0.719542883
789,8.633524493,1609.074244,0.709125778
790,9.780312911,1631.099015,0.700008381
791,16.32837526,1293.958153,0.757681011
792,8.051214604,986.4523324,0.702372495
793,8.733991074,1047.043116,0.704522831
794,20.59802951,1605.240337,0.776961894
795,16.00425438,1246.609856,0.75461573
796,8.359528737,1302.955126,0.698443589
797,20.59802951,1605.240337,0.776961894
798,13.2928476,1534.89242,0.729472106
799,13.38757695,1543.466883,0.729821635
800,13.70323991,1476.359173,0.729435271
801,4.539703139,833.940232,0.898320005
802,5.171696603,748.1718796,0.829370065
803,7.148874558,814.0304037,0.836442584
804,8.911689707,929.0602099,0.831308846
805,4.292885673,731.8497928,0.880723962
806,5.207913082,859.4801984,0.831239729
807,8.911689707,929.0602099,0.831308846
808,11.31232576,750.3401948,0.85945003
809,11.01659323,974.2062393,0.859091063
810,11.72588066,882.5258178,0.857693533
811,7.465638488,827.8841307,0.893906476
812,8.602558535,778.0946085,0.841207632
813,11.99586613,799.9578485,0.836477053
814,9.417116535,914.6314537,0.820658049
815,5.431220245,704.1331667,0.885286816
816,8.879726807,875.4684101,0.845134469
817,9.417116535,914.6314537,0.820658049
818,11.86206828,667.4816906,0.862631298
819,12.38794261,804.5963792,0.865107304
820,13.20772523,804.5963792,0.870802107
821,13.45362428,1087.579357,0.869765963
822,10.20650793,1107.664094,0.829018561
823,12.55501316,1151.671012,0.829007855
824,10.39500798,1490.226131,0.837359507
825,9.51075085,891.3105104,0.884448155
826,10.04974508,1261.316771,0.841476501
827,10.39500798,1490.226131,0.837359507
828,11.87478248,852.7862161,0.862684836
829,11.58887914,1052.322458,0.861084679
830,12.13160247,1052.322458,0.856215403
831,17.37886088,1334.332807,0.873171625
832,20.75757116,1232.702221,0.836270113
833,21.22486472,1158.784135,0.839455143
834,22.43001697,1634.268951,0.799003051
835,17.21647145,1141.941901,0.874392756
836,21.37970711,1463.985948,0.830222799
837,22.43001697,1634.268951,0.799003051
838,20.21987718,1208.419773,0.834011952
839,20.79364984,1312.589682,0.83425349
840,21.21817509,1234.401559,0.832821346
841,13.06375598,391.2132008,0.801626299
842,13.96689398,253.9261952,0.72292386
843,14.26141358,321.7474617,0.627350641
844,10.31910659,346.5881037,0.692837029
845,12.29044591,341.8730519,0.793900441
846,13.28387724,318.4951125,0.712569418
847,10.31910659,346.5881037,0.692837029
848,13.40709161,388.6298034,0.787246748
849,13.12371817,456.9919078,0.775984
850,12.12979407,451.8998032,0.78772116
851,13.3200787,393.4874168,0.798760179
852,14.61054107,277.5881577,0.677135146
853,14.66855273,321.8135641,0.627877859
854,10.16883665,348.60491,0.690674947
855,13.65162517,335.7652358,0.765724581
856,15.56127899,343.7366465,0.684284019
857,10.16883665,348.60491,0.690674947
858,13.23654367,382.1552399,0.773212744
859,13.01269877,441.1794519,0.761949995
860,13.09453915,437.7487798,0.773687166
861,12.85208087,418.9410125,0.84327442
862,13.56028043,326.2659274,0.79497043
863,11.43491376,371.429567,0.72436463
864,9.953728667,379.9572167,0.78937763
865,12.48898862,373.8928451,0.840976559
866,14.42492773,393.3626597,0.784414158
867,9.953728667,379.9572167,0.78937763
868,11.49098863,424.9703954,0.830249971
869,12.19890962,472.8002254,0.816948622
870,13.19299966,476.0523665,0.814957955
871,14.33407077,429.1399361,0.817243761
872,18.80336625,335.5181771,0.68566504
873,18.62144511,381.156681,0.61293146
874,13.44002457,380.4956977,0.686290647
875,14.66921175,377.4026221,0.798962525
876,18.6210301,420.4459013,0.675020738
877,13.44002457,380.4956977,0.686290647
878,11.34463372,428.4336061,0.796805852
879,10.99786542,503.7974746,0.781444522
880,10.99061903,498.1838317,0.779891224
881,15.09822489,368.6866406,0.890262159
882,17.22548455,298.0347488,0.832722576
883,18.41885133,297.6420765,0.878467887
884,11.87131844,343.354827,0.802814944
885,15.09378,345.3363614,0.880343669
886,17.03957185,362.5715572,0.825991507
887,11.87131844,343.354827,0.802814944
888,14.88865532,371.0661187,0.857000796
889,14.71160957,434.5043316,0.860724753
890,14.82722723,435.1908196,0.860831552
891,15.51942325,368.922789,0.886969295
892,18.27702803,292.1725266,0.804072919
893,19.01218181,346.7740087,0.880361284
894,11.5740253,389.666022,0.800345191
895,15.64772537,344.5288981,0.867641169
896,18.78587456,327.0695948,0.796700532
897,11.5740253,389.666022,0.800345191
898,14.87075645,367.9274139,0.84480575
899,14.69392355,391.2098683,0.847798876
900,15.00488075,391.0782318,0.864579865
901,12.79200918,395.3770338,0.891510418
902,14.90268376,358.2166401,0.840787791
903,13.42301938,363.6447727,0.91195411
904,11.01884898,372.1015378,0.833902789
905,12.96069297,373.1894714,0.888534708
906,14.70881575,398.7835621,0.834582136
907,11.01884898,372.1015378,0.833902789
908,13.14101156,406.6249799,0.873671676
909,13.12692008,426.1496677,0.86821264
910,13.50440769,421.8276798,0.868253016
911,17.10343755,393.1895131,0.890945551
912,23.03596351,362.1065056,0.805782267
913,23.28138931,358.539107,0.849737298
914,14.56694865,429.0245902,0.776151293
915,17.33956681,383.406604,0.876791724
916,22.7471239,419.007223,0.794483345
917,14.56694865,429.0245902,0.776151293
918,13.7732696,415.3559412,0.853920075
919,13.93121618,467.6802649,0.851855218
920,14.22173514,468.4191688,0.851962013
921,7.364815509,1649.813462,0.745505382
922,7.298611413,921.4465662,0.7225996
923,9.253692397,1013.736413,0.706384212
924,7.670151963,1489.710331,0.777989926
925,7.033438892,1153.537237,0.75723752
926,7.331034447,1233.830871,0.720375026
927,7.670151963,1489.710331,0.777989926
928,9.394801395,1121.55108,0.832112815
929,8.634468223,1460.952714,0.713490219
930,8.867423264,1393.556013,0.71160583
931,10.67702054,1545.239323,0.740152873
932,11.51039129,1011.53642,0.692449051
933,13.49319667,1130.799908,0.692146271
934,7.709802954,1465.369966,0.770111963
935,10.32424959,1321.501841,0.733182162
936,11.9158749,1355.097712,0.694115449
937,7.709802954,1465.369966,0.770111963
938,9.45978436,1391.271965,0.817541763
939,10.04464012,1658.697343,0.698919177
940,10.08482973,1658.697343,0.69851834
941,13.56830751,1838.11714,0.749875619
942,11.64173998,1204.247841,0.731174458
943,13.14898994,1300.676594,0.733159991
944,6.957467137,1572.035433,0.822199065
945,13.28471233,1558.944743,0.765766107
946,11.77459231,1529.639421,0.751146053
947,6.957467137,1572.035433,0.822199065
948,8.312520101,1589.787887,0.8523775
949,8.077311637,2020.933952,0.737320857
950,8.112047531,2020.933952,0.733585865
951,17.77718783,1663.38801,0.747052819
952,22.42385279,1082.511341,0.669435138
953,22.07299492,1175.381693,0.647224453
954,19.59513189,1613.139067,0.711597487
955,17.52152001,1501.119181,0.747373904
956,23.20474133,1354.139009,0.668787238
957,19.59513189,1613.139067,0.711597487
958,15.67707652,1620.347392,0.806482994
959,15.89075134,1912.183452,0.690539133
960,15.85640949,1733.453078,0.689107004
961,11.29862553,493.7701254,0.851626419
962,10.84849257,490.0291937,0.790303254
963,9.279876338,500.3638872,0.777835826
964,15.89657948,344.2917935,0.794306041
965,12.07083291,481.814639,0.833923196
966,11.38980072,594.0150804,0.780299682
967,15.89657948,344.2917935,0.794306041
968,16.56579219,548.2758446,0.833264667
969,14.92526461,651.1811175,0.817966377
970,14.56915404,649.6562474,0.803143563
971,15.11436203,533.7428132,0.85059291
972,14.18426365,500.1404196,0.781794944
973,14.37774068,539.5964448,0.772295137
974,16.40884135,334.1389614,0.792941347
975,16.2447114,455.1304821,0.826691221
976,14.92897926,637.0486724,0.770019598
977,16.40884135,334.1389614,0.792941347
978,18.49197506,529.8354949,0.826032691
979,16.41012387,553.338376,0.818941015
980,18.03874582,553.4994846,0.792065438
981,17.80951455,541.2928053,0.850802244
982,16.54475894,438.5267046,0.782857877
983,17.1590575,552.3437983,0.77287832
984,18.44715475,352.2165276,0.795686606
985,18.81684797,460.4808457,0.829923304
986,17.49540147,525.9504328,0.770453748
987,18.44715475,352.2165276,0.795686606
988,20.53696474,544.5782822,0.772920097
989,18.14053024,571.6241209,0.792547485
990,20.06162161,568.5259002,0.792726041
991,15.54190026,499.0505599,0.85164951
992,17.76493568,457.1572524,0.786895643
993,18.23092178,507.7959529,0.774595099
994,23.22363491,362.7991783,0.78930074
995,15.69987099,479.6516845,0.834546809
996,18.26143414,521.4602895,0.778749426
997,23.22363491,362.7991783,0.78930074
998,19.22863423,555.4620845,0.788543752
999,18.84816549,657.4191567,0.793633806
1000,19.37879944,660.10047,0.794531312
1001,27.53197693,282.9845718,0.625657792
1002,26.64463226,236.4549665,0.465359407
1003,26.24135008,264.0012241,0.38133093
1004,26.70975181,277.1860782,0.548035507
1005,26.68486766,278.6763392,0.608338373
1006,26.39678909,281.9399805,0.426297036
1007,26.70975181,277.1860782,0.548035507
1008,24.34085345,258.6446946,0.574605315
1009,24.26913534,287.8334932,0.652786128
1010,21.57786527,289.9935628,0.533767177
1011,28.33230088,283.8962352,0.624995877
1012,26.13260147,224.1395984,0.501458634
1013,27.09356618,250.3692901,0.370303861
1014,26.79513891,285.4694469,0.538208992
1015,27.4968509,266.6571812,0.61356919
1016,26.55720738,272.8239982,0.462407077
1017,26.79513891,285.4694469,0.538208992
1018,23.70929035,258.7055156,0.567294117
1019,25.23513437,267.8729704,0.64547493
1020,21.92179011,273.4900688,0.535764795
1021,28.1194751,279.9314232,0.610417815
1022,27.34352341,234.9692425,0.621771678
1023,27.22407154,256.9668713,0.524090138
1024,27.39553902,245.3254148,0.609385708
1025,27.2717885,263.6084688,0.598718612
1026,27.06588584,251.5956916,0.592678991
1027,27.39553902,245.3254148,0.609385708
1028,21.56864725,258.5691017,0.5056523
1029,20.18840438,278.6306886,0.549411648
1030,21.01719406,284.0242675,0.551814185
1031,30.97655274,304.5053017,0.591630778
1032,31.055717,265.1729461,0.519542762
1033,32.339548,281.3122786,0.3877215
1034,30.4236067,262.9586459,0.570487868
1035,30.18467088,296.8688597,0.573885212
1036,31.36514086,313.6389298,0.496283707
1037,30.4236067,262.9586459,0.570487868
1038,24.61846591,322.0790865,0.583710842
1039,23.37017489,358.4266389,0.543613302
1040,23.2508634,361.1164805,0.533144939
1041,19.3125198,333.1599226,0.898863307
1042,19.4617609,310.0697866,0.861100185
1043,18.94063348,301.2617397,0.848052513
1044,18.39376166,328.8005191,0.858524443
1045,19.58295506,324.4722455,0.883009535
1046,19.20355713,360.0422093,0.853213562
1047,18.39376166,328.8005191,0.858524443
1048,19.42333501,399.4840682,0.883575511
1049,20.77632036,462.9713979,0.891452224
1050,21.38965324,460.6029573,0.895751934
1051,19.93071298,333.3733157,0.892681201
1052,19.59117934,272.2947038,0.866745004
1053,19.76956761,278.9316727,0.855016343
1054,18.86456163,300.9268228,0.865488272
1055,20.98009034,298.0391093,0.881404549
1056,19.77785791,321.6062126,0.858869221
1057,18.86456163,300.9268228,0.865488272
1058,20.19572913,398.4947331,0.87055804
1059,21.59518945,413.732708,0.878434753
1060,22.24827211,386.5021238,0.894146978
1061,20.1741998,345.9969441,0.9295749
1062,20.59030395,292.0239358,0.890501887
1063,20.31215268,297.6411094,0.872186165
1064,19.45950948,323.8251166,0.873018371
1065,20.93386047,316.5780587,0.920884947
1066,20.23711817,333.4005869,0.882615259
1067,19.45950948,323.8251166,0.873018371
1068,23.47077807,382.4141907,0.867001523
1069,22.979309,430.2693074,0.887567341
1070,23.65767579,409.3149606,0.903268711
1071,22.60817764,346.0904512,0.921256502
1072,22.3228284,312.829533,0.853811615
1073,22.62203814,299.1819674,0.845480038
1074,20.71233781,340.3826528,0.843725529
1075,22.98407907,353.7035095,0.90540273
1076,22.54859275,353.817471,0.845924967
1077,20.71233781,340.3826528,0.843725529
1078,20.8688851,426.7275238,0.863068386
1079,20.41612312,475.5790917,0.883634209
1080,20.98064462,477.5187621,0.887933939
1081,12.47928963,1252.195869,0.723820909
1082,12.13294245,624.8127942,0.609154317
1083,11.25745803,796.6935357,0.468019069
1084,16.13447947,1288.924015,0.574573862
1085,13.49484684,992.624002,0.722873641
1086,12.27913037,746.1969373,0.591787538
1087,16.13447947,1288.924015,0.574573862
1088,14.62064501,970.2223994,0.604843046
1089,14.83286988,1116.19101,0.740237149
1090,12.66956455,1113.577227,0.618331371
1091,16.5639508,1367.433557,0.72660225
1092,16.37274327,860.2607652,0.602237457
1093,15.14117654,970.2166468,0.464384236
1094,16.00876896,1410.479408,0.570537594
1095,17.75013003,1252.836247,0.715956065
1096,16.68155214,1130.312906,0.583779419
1097,16.00876896,1410.479408,0.570537594
1098,16.29429667,1192.174881,0.59761107
1099,17.79852335,1278.215912,0.733005173
1100,17.51017212,1275.222715,0.608844696
1101,17.95476788,1330.254117,0.709365414
1102,18.17422769,876.6923246,0.699819085
1103,17.34506798,959.8177899,0.572272156
1104,16.78917894,1234.375722,0.619076717
1105,19.40694507,1213.29303,0.701403049
1106,18.00328053,1053.552387,0.68901564
1107,16.78917894,1234.375722,0.619076717
1108,18.30377776,630.4756348,0.540714535
1109,15.19905434,685.1121635,0.63211607
1110,17.67840483,627.6485862,0.617823324
1111,25.16352486,1375.329574,0.608933827
1112,24.28436564,917.2331457,0.589164121
1113,25.13383348,1045.604871,0.431639566
1114,21.98035409,1369.065615,0.589794192
1115,23.99513955,1256.171773,0.606056831
1116,25.34083551,1079.467075,0.595287444
1117,21.98035409,1369.065615,0.589794192
1118,19.35428816,1124.628239,0.590968832
1119,18.75210432,1224.49391,0.563634277
1120,18.37762875,1231.735595,0.554944206
1121,7.292995584,633.3262007,0.846933824
1122,5.959923015,649.653929,0.802818094
1123,5.805826221,644.9788254,0.769370421
1124,9.315898776,792.0143201,0.799171052
1125,7.507665536,601.3142286,0.832399947
1126,6.071650278,747.0248664,0.783329748
1127,9.315898776,792.0143201,0.799171052
1128,18.00491768,629.2954762,0.840274526
1129,15.14141071,844.1283561,0.852442474
1130,18.34304722,846.5091528,0.835839296
1131,8.805091885,633.3262007,0.866311972
1132,6.950466708,646.8711721,0.797416094
1133,8.730432437,645.7279041,0.781824183
1134,9.427339503,768.6585837,0.776850495
1135,8.670310973,596.1454257,0.827697111
1136,7.244501814,740.6035577,0.783769585
1137,9.427339503,768.6585837,0.776850495
1138,18.83425219,598.5573768,0.8224716
1139,16.76685701,708.6094686,0.834639558
1140,19.10031793,750.2931529,0.818036354
1141,17.76879563,733.733315,0.858184946
1142,10.56877125,726.6583487,0.794298683
1143,10.69301014,733.6241724,0.779503832
1144,19.20973015,926.8033271,0.785333859
1145,18.05754161,729.1196666,0.818071334
1146,10.75895527,833.3811752,0.780652169
1147,19.20973015,926.8033271,0.785333859
1148,17.93148699,792.6110719,0.820361099
1149,17.33897423,944.2901461,0.837452206
1150,20.41151043,935.6723655,0.817188728
1151,9.426662922,710.7853908,0.841630441
1152,4.515410583,727.1418126,0.809707677
1153,7.022493589,728.0282662,0.75918733
1154,10.19735741,960.160832,0.789859554
1155,9.255565494,673.4290267,0.827206929
1156,4.641607984,835.4172218,0.801034317
1157,10.19735741,960.160832,0.789859554
1158,18.56692646,748.9043623,0.822302339
1159,18.70014698,972.1233595,0.843652266
1160,19.1150094,930.2422092,0.816637402
1161,22.27473247,417.2310327,0.573985346
1162,16.37465691,319.6256679,0.524069088
1163,9.248066817,398.5729712,0.360063725
1164,18.77374262,297.9412571,0.476923475
1165,19.48682382,364.9170468,0.581975347
1166,16.5157855,379.1274789,0.481883559
1167,18.77374262,297.9412571,0.476923475
1168,24.14060655,394.639864,0.572515528
1169,23.18247225,433.5732637,0.618757099
1170,20.67087463,431.6668232,0.6182553
1171,23.38088567,425.2099249,0.579151528
1172,16.36481944,332.6551498,0.493843393
1173,9.793064373,372.9750389,0.394491398
1174,19.04361496,282.4903715,0.485156754
1175,22.39228231,375.105294,0.569629844
1176,19.40128729,371.9032866,0.450979403
1177,19.04361496,282.4903715,0.485156754
1178,23.48814682,422.6899942,0.560707882
1179,22.64494928,462.0716418,0.606949453
1180,23.43428257,444.3339032,0.606458489
1181,21.34334407,462.6683069,0.594236325
1182,21.0105058,359.3229103,0.5576377
1183,18.39493827,425.7024639,0.446413309
1184,20.63806921,345.0060068,0.550450738
1185,20.58545388,461.6855501,0.569665214
1186,23.82695002,424.4648338,0.520213386
1187,20.63806921,345.0060068,0.550450738
1188,21.50187225,511.0211082,0.558357111
1189,20.38100913,555.8257107,0.648427063
1190,20.75789761,558.0295224,0.654261508
1191,24.61346888,510.7041968,0.567721901
1192,21.61441504,397.5824167,0.489815531
1193,22.86791829,459.4184991,0.358807302
1194,25.03919299,342.8769518,0.468009939
1195,24.29478759,468.0574999,0.57029485
1196,21.90166237,450.8708489,0.446638295
1197,25.03919299,342.8769518,0.468009939
1198,19.09475366,521.8671513,0.559600513
1199,18.12030612,576.566373,0.60996742
1200,18.37816871,564.0461624,0.649698651
1201,21.86163328,490.9191548,0.88992026
1202,18.20996506,461.9722032,0.875748659
1203,18.4791454,495.2349552,0.830301559
1204,19.88791636,360.177933,0.853853783
1205,21.03200336,479.6059094,0.898367643
1206,18.93027405,565.0981957,0.868540597
1207,19.88791636,360.177933,0.853853783
1208,23.32973504,590.1769133,0.896235313
1209,21.37031302,714.9855947,0.920238904
1210,21.01310366,739.0014909,0.890500769
1211,22.72132836,495.4339186,0.899802974
1212,18.39850283,444.2483181,0.868876748
1213,18.57365007,476.3635117,0.833461124
1214,20.31110413,335.1589641,0.859037637
1215,23.06858484,451.5095712,0.884887138
1216,20.94543973,506.8030612,0.861000951
1217,20.31110413,335.1589641,0.859037637
1218,23.65032618,602.1831378,0.88241664
1219,21.66409358,583.3620641,0.906420256
1220,22.23758088,563.8952045,0.876626533
1221,21.74178712,484.6521507,0.889097882
1222,23.02715325,449.8922051,0.85979772
1223,20.71406903,469.6968181,0.820949522
1224,24.45598088,365.2530279,0.854405051
1225,22.48610781,443.0474661,0.880056471
1226,23.89755321,524.1478464,0.851911102
1227,24.45598088,365.2530279,0.854405051
1228,20.61811066,604.0043266,0.876776458
1229,20.5843667,511.7231887,0.900404289
1230,20.88871779,480.9923327,0.87059972
1231,24.46958215,487.1982022,0.897549374
1232,23.4015897,449.5949525,0.868195539
1233,23.47972841,464.2376342,0.826578592
1234,25.40800268,374.6915218,0.854975333
1235,24.8122323,495.0941319,0.895806372
1236,24.12473208,531.7150753,0.870424813
1237,25.40800268,374.6915218,0.854975333
1238,19.35990164,611.537114,0.888793068
1239,19.26357752,720.3292402,0.912420909
1240,19.65577142,724.5892838,0.882682758
1241,11.80088634,1178.496039,0.655977539
1242,12.02590633,686.1645034,0.641880641
1243,11.53675719,807.2552662,0.607194617
1244,8.249055595,1354.420979,0.542585101
1245,12.46520956,1087.631247,0.654979161
1246,12.02156084,814.2483637,0.61732218
1247,8.249055595,1354.420979,0.542585101
1248,10.08151488,1261.662369,0.631849802
1249,9.76854702,1575.70568,0.651092298
1250,10.70759722,1466.13356,0.661612408
1251,13.97967401,1239.469376,0.655124647
1252,13.92297156,748.8689816,0.634648665
1253,17.91425566,737.7304085,0.604482765
1254,8.482982557,1314.957927,0.53468139
1255,13.97230743,1149.202143,0.649638427
1256,13.88224425,886.380991,0.615963153
1257,8.482982557,1314.957927,0.53468139
1258,10.20350656,1235.402927,0.630896451
1259,11.38755306,1526.68927,0.643860322
1260,12.32659374,1504.985355,0.654380433
1261,16.47621617,1467.39413,0.646029007
1262,17.44065313,854.6653954,0.645592462
1263,17.49226785,1013.497893,0.60607181
1264,9.387858438,1390.495359,0.560416786
1265,16.8223795,1442.458181,0.644362105
1266,17.40307293,1168.270787,0.624731655
1267,9.387858438,1390.495359,0.560416786
1268,10.47415651,1230.368914,0.637337063
1269,9.886495937,1523.537427,0.694401566
1270,11.08137328,1544.391382,0.709377462
1271,13.26640555,1432.442985,0.653202727
1272,7.272285126,974.4126525,0.615522226
1273,8.456254852,1003.658203,0.584596868
1274,12.14798413,1644.903418,0.511880242
1275,12.85761438,1372.083095,0.650350479
1276,7.509639867,1219.35789,0.589602152
1277,12.14798413,1644.903418,0.511880242
1278,11.58782122,1623.615497,0.643458618
1279,10.98261187,1687.537326,0.66748877
1280,11.57699216,1621.150543,0.707816856
1281,6.015742462,752.8928718,0.847392327
1282,7.180138667,663.6602012,0.802915105
1283,6.128773982,738.5311357,0.77918647
1284,15.49355912,937.436058,0.794427067
1285,6.044006328,635.4367834,0.829143439
1286,7.177543012,776.2638274,0.786538851
1287,15.49355912,937.436058,0.794427067
1288,17.88619264,726.8359583,0.805502271
1289,15.27748983,955.0369326,0.8259684
1290,15.76402083,847.379797,0.797655199
1291,10.86046003,744.2165318,0.851990198
1292,12.79107461,691.1501738,0.803787773
1293,12.23350502,722.6479636,0.769382335
1294,16.49661958,810.9793694,0.765701011
1295,7.978329737,611.3715122,0.816376184
1296,12.90825667,790.3849991,0.791016671
1297,16.49661958,810.9793694,0.765701011
1298,18.01932346,659.6771356,0.807216109
1299,17.46449032,805.7155223,0.827682239
1300,18.11753718,804.3275383,0.805380776
1301,13.294701,976.8137634,0.847365881
1302,9.851711284,993.008211,0.791054491
1303,12.81582321,958.5542257,0.746227946
1304,18.79016769,1387.670941,0.76315704
1305,9.622432816,796.867295,0.830812623
1306,9.648052701,1144.508,0.779668182
1307,18.79016769,1387.670941,0.76315704
1308,19.43786979,819.5106306,0.805590841
1309,17.47900365,955.520563,0.796784048
1310,18.11989639,955.520563,0.791830866
1311,17.329775,1197.457143,0.835163031
1312,15.11711364,1106.632526,0.782332184
1313,16.93060482,1062.387067,0.769152985
1314,22.93044133,1562.337046,0.77214162
1315,17.25584727,1024.801668,0.818725694
1316,16.07781567,1345.235597,0.744408169
1317,22.93044133,1562.337046,0.77214162
1318,21.51627685,1105.727012,0.793138291
1319,22.05021853,1177.637207,0.794417861
1320,23.17095151,1090.439735,0.795326213
1321,25.61084564,442.4979904,0.61300327
1322,17.07378495,265.0518698,0.559196815
1323,20.3039599,356.5654669,0.411530152
1324,22.06221698,373.4268872,0.506503127
1325,21.28646242,380.832607,0.603845452
1326,18.49502181,344.9773194,0.522774033
1327,22.06221698,373.4268872,0.506503127
1328,22.73054124,426.0625876,0.637132902
1329,21.6861325,462.6837121,0.643201125
1330,18.64698653,459.5080256,0.675047547
1331,26.43169074,445.0703371,0.611634465
1332,18.73497275,294.9189305,0.512437096
1333,21.09883355,355.8558956,0.415516846
1334,22.21576274,375.5998692,0.506102096
1335,26.16830935,379.7812155,0.580777911
1336,24.91328067,372.3176345,0.489624424
1337,22.21576274,375.5998692,0.506102096
1338,22.79381481,424.746881,0.625256376
1339,21.74649881,454.1888007,0.6323048
1340,22.26052322,449.0657707,0.663170986
1341,23.1580822,460.3762301,0.669261527
1342,21.49480677,338.5738563,0.615934856
1343,18.97071706,412.8365451,0.478863234
1344,22.85818186,399.112819,0.625924858
1345,22.85824444,410.8724945,0.66645351
1346,24.54504993,424.0674453,0.575938221
1347,22.85818186,399.112819,0.625924858
1348,20.09312705,438.7114068,0.640362516
1349,17.39590441,483.4361037,0.670209034
1350,17.75643561,485.5756459,0.5844484
1351,27.71109841,466.9226255,0.639661054
1352,29.04795197,339.593838,0.523906295
1353,29.2448338,408.6897895,0.409503151
1354,30.92371771,396.480405,0.601022072
1355,27.35231077,405.6702699,0.622094482
1356,30.43196072,439.7521426,0.487057939
1357,30.92371771,396.480405,0.601022072
1358,17.44545468,433.7155624,0.610109894
1359,17.93506611,493.3293197,0.660400579
1360,20.37078173,489.9432933,0.649121887
1361,21.67945088,367.616361,0.916742014
1362,21.28414412,291.7301157,0.87380262
1363,21.02637243,296.1025367,0.869847221
1364,19.67097157,350.8262256,0.830675034
1365,20.83043864,342.684351,0.907975297
1366,20.92402002,359.7871892,0.866127913
1367,19.67097157,350.8262256,0.830675034
1368,22.11672428,388.2349619,0.887470559
1369,21.65745044,462.0520746,0.912671571
1370,21.13808416,463.9839893,0.881600468
1371,22.39954643,367.8518239,0.91790117
1372,22.82818129,287.3685288,0.845621413
1373,21.92738418,339.0756123,0.87350169
1374,19.64626445,391.2193725,0.829966333
1375,22.74230045,345.5731155,0.895283647
1376,24.7449338,326.1201276,0.836101452
1377,19.64626445,391.2193725,0.829966333
1378,22.09177296,385.1423668,0.875286362
1379,21.63301726,415.8324278,0.899756514
1380,22.25831828,408.4976945,0.885359626
1381,20.20243137,394.398887,0.935171294
1382,22.37259896,356.4800922,0.891804952
1383,20.1728014,355.4093654,0.898016692
1384,20.84562972,374.3705113,0.85927668
1385,20.46883383,374.481603,0.928906127
1386,23.24594837,400.8436155,0.883918304
1387,20.84562972,374.3705113,0.85927668
1388,20.23044664,420.262612,0.913985921
1389,21.78198544,436.6507063,0.916305692
1390,22.3959019,425.8400445,0.914413498
1391,23.38595188,397.3403669,0.922736127
1392,25.18350887,356.555838,0.848661354
1393,26.22214617,358.8071984,0.845121578
1394,22.65445544,438.2221875,0.80748235
1395,23.71342783,391.8196123,0.906517648
1396,25.77831954,416.7359154,0.834770148
1397,22.65445544,438.2221875,0.80748235
1398,19.09978969,435.783031,0.885483518
1399,18.98543617,486.5829713,0.889740899
1400,21.08765038,489.4606341,0.887915118
1401,9.366328851,1763.047498,0.657143788
1402,7.513773499,935.8125912,0.651050325
1403,10.43520738,1071.895509,0.60622017
1404,12.65982634,1569.486023,0.522945808
1405,9.359436468,1213.730624,0.683515859
1406,8.282853582,1263.939825,0.635320604
1407,12.65982634,1569.486023,0.522945808
1408,15.67912427,1125.530266,0.602445835
1409,11.77314687,1397.637342,0.677437903
1410,12.07201206,1295.676715,0.693745225
1411,14.25954387,1746.234404,0.666942179
1412,12.52678142,1046.813312,0.635929967
1413,16.06832365,1188.484342,0.59701579
1414,12.8167591,1486.089152,0.500634583
1415,14.50273391,1485.292004,0.648377343
1416,14.70821329,1414.524298,0.620727846
1417,12.8167591,1486.089152,0.500634583
1418,15.65876586,1562.115126,0.594421663
1419,14.88744999,1836.310064,0.675791481
1420,15.02840025,1813.699887,0.696683148
1421,14.20216239,1737.866446,0.701401042
1422,12.09514091,1128.868328,0.641748268
1423,14.61334763,1244.869029,0.596985587
1424,16.06836266,1500.265254,0.588668616
1425,14.22014143,1471.461064,0.703037
1426,11.75144295,1440.317562,0.630697922
1427,16.06836266,1500.265254,0.588668616
1428,13.63595257,1467.603803,0.594387635
1429,14.78605065,1845.428114,0.689707479
1430,14.89694487,1845.428114,0.620046356
1431,26.00844815,1594.3282,0.684071963
1432,23.64875125,1030.879657,0.583626587
1433,22.61290417,1141.676017,0.560189728
1434,28.95341057,1578.118407,0.597109846
1435,25.13221086,1438.796046,0.677420411
1436,26.34094577,1288.467897,0.569770589
1437,28.95341057,1578.118407,0.597109846
1438,15.94449945,1450.765563,0.588321279
1439,18.44272853,1639.90019,0.71513859
1440,20.92030831,1493.052739,0.701453918
1441,11.46717536,483.9112106,0.852490473
1442,10.89962246,513.0521773,0.782804836
1443,9.580274736,482.64801,0.779219859
1444,16.78492557,339.5792213,0.795637171
1445,12.90448379,467.1859057,0.826278433
1446,11.48469152,589.0387312,0.776570565
1447,16.78492557,339.5792213,0.795637171
1448,17.44387023,522.6804664,0.801722053
1449,17.90730283,615.9416816,0.813743483
1450,17.16683031,614.4993317,0.79737652
1451,15.062579,522.8075205,0.850325629
1452,14.00575297,523.6384577,0.780453929
1453,14.5686295,520.2145016,0.771976829
1454,16.76107553,329.5653584,0.793105162
1455,16.41381995,446.0430699,0.825203836
1456,14.79418284,631.375767,0.772447859
1457,16.76107553,329.5653584,0.793105162
1458,19.30543148,513.5466957,0.800647456
1459,17.69886744,548.7040462,0.820875494
1460,18.7482807,548.8638055,0.792455782
1461,17.04068485,530.2028289,0.847063646
1462,15.73882501,429.7708136,0.778045536
1463,16.53988717,541.0274097,0.768828549
1464,18.84859826,344.0429864,0.763146364
1465,17.93203546,451.2866049,0.824964613
1466,16.64315952,515.1747901,0.769410677
1467,18.84859826,344.0429864,0.763146364
1468,21.15526249,521.1987829,0.77063356
1469,19.38370238,561.3266491,0.789818768
1470,21.47384093,559.7585114,0.789645079
1471,13.38704404,494.35124,0.855181286
1472,15.15795352,446.5048462,0.781493926
1473,15.74577723,502.0705652,0.777815671
1474,20.14527198,361.3577979,0.795711558
1475,13.52311241,469.5720288,0.828998752
1476,15.58159145,509.3095322,0.777116975
1477,20.14527198,361.3577979,0.795711558
1478,18.65546424,528.0499577,0.788650837
1479,18.2071932,624.9754351,0.793298736
1480,19.88252954,628.671554,0.793843973
1481,29.60896284,265.9452342,0.611773969
1482,28.1174227,225.9203215,0.447841493
1483,28.29283776,252.2585437,0.335032724
1484,28.14138254,244.4770492,0.534020474
1485,28.48594781,261.7407149,0.580558187
1486,27.78335668,264.4262069,0.437440465
1487,28.14138254,244.4770492,0.534020474
1488,23.10139805,253.5703591,0.509737636
1489,22.61316467,281.3294786,0.559923499
1490,25.31780037,283.4407383,0.551783192
1491,30.60350602,266.8020036,0.616889144
1492,27.7779457,214.169949,0.490098068
1493,29.42443664,239.2329809,0.324005654
1494,28.30210486,251.7829484,0.524533665
1495,29.62215325,251.3643512,0.592286102
1496,27.97321819,255.8764691,0.477479569
1497,28.30210486,251.7829484,0.524533665
1498,23.58586449,253.6299868,0.502692555
1499,23.08738957,261.8199927,0.55341946
1500,26.95667553,267.3101646,0.559938173
1501,29.64794797,274.7323844,0.640149679
1502,28.74049676,224.5178944,0.628800028
1503,28.63909385,250.1550613,0.454660166
1504,29.39364643,241.2332669,0.628795046
1505,28.8911983,259.5007157,0.620711497
1506,28.75511191,266.2561166,0.606092259
1507,29.39364643,241.2332669,0.628795046
1508,22.95661319,253.4962492,0.523376912
1509,25.43371236,272.3346247,0.573562774
1510,26.38982539,277.6063279,0.578293341
1511,31.21750092,296.880407,0.61930898
1512,30.60662163,253.378148,0.508427088
1513,32.05351888,268.7996087,0.342302313
1514,30.32766103,258.5723671,0.595065521
1515,30.64584988,290.316902,0.587667066
1516,31.15177786,299.688382,0.502665041
1517,30.32766103,258.5723671,0.595065521
1518,24.648608,315.7602352,0.522484313
1519,25.58304365,350.32747,0.561361998
1520,25.66125012,352.5521119,0.553221691
1521,19.79300402,331.6794995,0.908679828
1522,20.31465811,305.2407165,0.864905683
1523,19.69775614,288.1993021,0.848405808
1524,19.70302215,329.1460722,0.871078544
1525,20.07016754,320.5776918,0.886668673
1526,20.09686949,352.0767456,0.858726137
1527,19.70302215,329.1460722,0.871078544
1528,22.27241826,381.9368751,0.876412724
1529,21.94788311,440.5470412,0.899750805
1530,22.20835261,438.1936362,0.902506401
1531,20.47081136,331.8919444,0.908274807
1532,20.25464368,278.3781454,0.876707875
1533,20.55328767,269.6981442,0.855369638
1534,20.23018025,304.4725987,0.878042373
1535,21.60741894,297.6186428,0.89122107
1536,20.60495888,320.1771294,0.870539209
1537,20.23018025,304.4725987,0.878042373
1538,23.34501994,380.9909963,0.869552626
1539,22.92470689,398.8691502,0.892890743
1540,23.2130232,375.8886697,0.907058803
1541,20.67494434,347.7352108,0.941697199
1542,21.18082212,291.6119554,0.902770536
1543,20.74162527,287.7882389,0.874845254
1544,20.82191329,316.7874054,0.872617635
1545,21.51199428,319.1377768,0.933007247
1546,20.81750717,331.9190943,0.89659102
1547,20.82191329,316.7874054,0.872617635
1548,24.76867278,370.2305526,0.881470748
1549,24.25002629,410.6487826,0.90313722
1550,26.46844755,391.3689904,0.918486315
1551,21.17568271,349.2906981,0.933133759
1552,20.97494376,309.0747237,0.859677825
1553,21.22496263,289.2780895,0.84789409
1554,20.3431677,339.7216358,0.858340367
1555,21.59867431,354.2636873,0.91112261
1556,21.18707613,348.509017,0.853498314
1557,20.3431677,339.7216358,0.858340367
1558,19.94205236,412.1176868,0.871135196
1559,19.50939852,459.603999,0.892801663
1560,21.29414641,457.1487916,0.896749123
1561,12.74494951,1198.412323,0.711942513
1562,12.31628054,610.5786101,0.605621145
1563,12.10142145,775.2393039,0.435705551
1564,16.80607145,1157.706556,0.555170077
1565,13.77723748,953.5098302,0.696809638
1566,12.44616725,729.2527422,0.611724007
1567,16.80607145,1157.706556,0.555170077
1568,14.03164165,942.129629,0.547884685
1569,14.47682991,995.575886,0.646730076
1570,16.38426461,993.2445472,0.636250449
1571,16.66667555,1308.00407,0.707534044
1572,16.39502005,827.173398,0.604861659
1573,15.99523787,943.5872724,0.430368372
1574,17.02823158,1266.887285,0.549395508
1575,17.86021113,1199.025057,0.696049425
1576,16.5583844,1099.289396,0.613399585
1577,17.02823158,1266.887285,0.549395508
1578,18.79964321,1157.655481,0.546810087
1579,17.00868705,1165.311251,0.645655474
1580,21.18973616,1162.582443,0.630067851
1581,17.32034712,1334.585626,0.725650141
1582,17.32352447,844.3745816,0.695250389
1583,16.66135993,921.675333,0.499857245
1584,20.13341281,1236.079841,0.631399065
1585,18.72121252,1212.630262,0.714215217
1586,17.36173229,1123.231553,0.691346453
1587,20.13341281,1236.079841,0.631399065
1588,18.27484463,619.2376837,0.553334751
1589,20.69536183,617.907845,0.651162795
1590,21.45936174,617.3744776,0.635575168
1591,23.45403358,1351.57862,0.632741417
1592,22.34697432,883.4210373,0.587525821
1593,23.96203097,1007.060576,0.400362144
1594,20.87960801,1370.955681,0.618611411
1595,22.53146981,1237.79234,0.615678803
1596,23.50036768,1039.674512,0.602673761
1597,20.87960801,1370.955681,0.618611411
1598,18.97695231,1092.06465,0.53746707
1599,20.96507882,1124.292184,0.585074635
1600,20.84768941,1129.645438,0.577943003
1601,8.189647765,628.675564,0.767979801
1602,6.084690346,648.0237073,0.785826399
1603,5.841839758,624.8397243,0.686444851
1604,12.48544949,790.4473471,0.804805192
1605,8.479829191,596.8986619,0.821951464
1606,7.41309296,745.150305,0.772502993
1607,12.48544949,790.4473471,0.804805192
1608,17.30529851,639.1321019,0.825172844
1609,18.42076683,860.394676,0.843493415
1610,20.85320667,811.5786685,0.823690799
1611,10.0047304,628.675564,0.786609755
1612,7.219579397,645.2479334,0.709355072
1613,8.888609121,625.5654134,0.698721411
1614,13.4191864,767.1378192,0.783055659
1615,9.851589382,591.7678145,0.746179312
1616,8.950348444,738.7451098,0.701156503
1617,13.4191864,767.1378192,0.783055659
1618,18.24100193,610.8738149,0.736300581
1619,17.83157464,734.174372,0.754621173
1620,19.20278577,721.3344514,0.734818537
1621,16.89472547,729.9198115,0.772197087
1622,10.07594168,721.3223559,0.705427463
1623,8.385979749,710.7170066,0.68547499
1624,20.89162039,927.1897417,0.777553693
1625,17.16926767,730.6115731,0.730267891
1626,10.25725727,827.2614961,0.697228885
1627,20.89162039,927.1897417,0.777553693
1628,19.7551845,762.561624,0.734940402
1629,18.14495971,946.872537,0.752781214
1630,19.75793977,922.492687,0.731803778
1631,14.9473837,708.8871906,0.758054215
1632,3.963185945,725.1999315,0.798439175
1633,5.558105574,705.1820148,0.675216368
1634,14.1406184,933.5219823,0.800894588
1635,15.38099657,671.6305893,0.816453318
1636,4.073949687,833.1861839,0.795930776
1637,14.1406184,933.5219823,0.800894588
1638,16.8275194,789.9108003,0.81849859
1639,16.78323062,958.3954566,0.840598201
1640,17.84612799,894.390802,0.814573417
1641,25.91356199,449.0311422,0.5673376
1642,17.60316618,309.0807296,0.505871963
1643,10.21084581,385.423441,0.307643349
1644,21.10685287,307.1189966,0.477980619
1645,23.698078,393.3141275,0.567108059
1646,17.80839638,379.6638335,0.452227388
1647,21.10685287,307.1189966,0.477980619
1648,24.63303876,389.1609553,0.569749268
1649,23.79387204,399.5122927,0.658626195
1650,21.65015712,399.2266128,0.640760323
1651,27.26859754,429.5851827,0.572503786
1652,18.17579942,321.680349,0.48180364
1653,10.82612302,360.6700235,0.342258862
1654,21.43527781,291.1921977,0.486213898
1655,25.93758847,404.9244968,0.560919953
1656,20.53485979,372.5134057,0.42748059
1657,21.43527781,291.1921977,0.486213898
1658,24.302731,416.8216567,0.56866382
1659,23.47481678,425.1101809,0.657540748
1660,23.82237743,411.5506686,0.639685726
1661,22.03009179,461.2483019,0.585441352
1662,21.49609801,372.6072613,0.546926883
1663,19.9094297,402.679133,0.422564575
1664,24.0837858,343.8037837,0.541478271
1665,21.2439322,461.6706965,0.558808068
1666,24.17933548,410.4609498,0.511012731
1667,24.0837858,343.8037837,0.541478271
1668,21.92290273,505.8948912,0.59595269
1669,20.90723624,522.213743,0.634338741
1670,23.23898148,524.431792,0.666757934
1671,21.46613616,509.1367618,0.565765397
1672,19.76829923,386.4976518,0.476900678
1673,21.76264108,444.2614798,0.320984393
1674,27.48954459,341.6821477,0.469891965
1675,21.29976394,468.0424413,0.560118818
1676,20.03101238,435.9957814,0.434256281
1677,27.48954459,341.6821477,0.469891965
1678,18.43139944,517.447718,0.597006946
1679,17.40671612,532.6365743,0.635197613
1680,19.26941154,530.2340477,0.643860563
1681,23.54083889,487.2877412,0.903004635
1682,21.51859926,453.1278615,0.882822018
1683,21.53682071,473.7622319,0.833922714
1684,24.82208571,354.6103349,0.879261209
1685,25.45528301,472.4435238,0.905294651
1686,22.03424884,552.5961362,0.870919821
1687,24.82208571,354.6103349,0.879261209
1688,23.40202203,586.9995732,0.905405256
1689,23.05857762,713.0390912,0.928200357
1690,24.6880684,721.0210874,0.898109957
1691,24.5784711,491.7691086,0.912887345
1692,22.2666358,441.0625555,0.882107449
1693,20.62230917,457.2649288,0.837270019
1694,25.18459256,333.5156814,0.884445037
1695,24.95411082,449.534955,0.897971509
1696,22.01396888,504.5510407,0.869537553
1697,25.18459256,333.5156814,0.884445037
1698,23.64652604,598.9411597,0.897743956
1699,23.15682793,583.6676666,0.920539088
1700,23.23966305,567.7343894,0.890393094
1701,22.31545614,483.2978588,0.898710947
1702,25.70100152,450.5943196,0.869557144
1703,23.84439441,454.1483545,0.810983474
1704,26.74033687,364.543713,0.866511416
1705,23.05558049,443.1553352,0.889669536
1706,23.97066905,521.818753,0.863377618
1707,26.74033687,364.543713,0.866511416
1708,21.82860911,585.0759667,0.888736452
1709,21.58605042,501.8274506,0.911051819
1710,23.39789257,479.257983,0.89354676
1711,23.75317935,485.0332975,0.911321717
1712,21.21410081,444.1985844,0.877329649
1713,21.81203542,448.8698353,0.838661724
1714,23.52208765,374.5833801,0.881070701
1715,24.08579763,489.1516493,0.903421322
1716,21.9804746,523.7375578,0.88126599
1717,23.52208765,374.5833801,0.881070701
1718,18.66473199,609.4253728,0.900127738
1719,18.42281061,705.5675472,0.922443099
1720,19.91542686,703.8132414,0.907096199
1721,12.3749504,1387.218507,0.627572824
1722,11.3771812,666.4116757,0.603654069
1723,11.1290714,784.0163811,0.580649838
1724,7.468385914,1435.097653,0.522397355
1725,13.07849625,1272.891003,0.616005658
1726,11.31043487,832.5193184,0.582570748
1727,7.468385914,1435.097653,0.522397355
1728,11.90085078,1201.671863,0.624437436
1729,10.71830191,1438.214137,0.676116116
1730,11.15397643,1324.906451,0.66136625
1731,14.64662644,1387.218507,0.550542036
1732,13.59000503,727.3110609,0.602579471
1733,18.04498855,716.4928898,0.503935421
1734,7.745066278,1393.283967,0.514493643
1735,14.6389084,1352.736237,0.616822302
1736,13.47562755,906.270533,0.588359201
1737,7.745066278,1393.283967,0.514493643
1738,12.10760948,1169.887531,0.621167443
1739,11.77797166,1420.139129,0.677903918
1740,12.14394775,1416.691647,0.663154073
1741,15.04543559,1454.25054,0.548324194
1742,16.18882834,890.6846571,0.615417262
1743,16.32665275,899.4647673,0.501953223
1744,12.33415187,1387.455379,0.521932244
1745,15.3615384,1429.537945,0.617429773
1746,16.1539455,1123.055384,0.593764164
1747,12.33415187,1387.455379,0.521932244
1748,10.73915044,1178.298369,0.649768495
1749,10.2054549,1423.790248,0.660463791
1750,13.25124684,1447.15312,0.676801992
1751,8.691205569,1440.69962,0.638558107
1752,6.316007527,929.5407228,0.583480097
1753,7.616026198,943.114143,0.562865665
1754,15.11549153,1591.664851,0.494625279
1755,8.8069009,1379.991815,0.627161083
1756,6.52215103,1155.131071,0.558056968
1757,15.11549153,1591.664851,0.494625279
1758,10.63407049,1550.852814,0.659659868
1759,9.956141292,1536.40018,0.677219501
1760,12.69736796,1450.173206,0.685883456
1761,6.016826769,806.9845706,0.844835398
1762,7.126894415,655.2010805,0.793922178
1763,10.03857855,713.3470188,0.7733071
1764,14.32723406,901.0325114,0.800137118
1765,6.101250088,668.7865164,0.827082224
1766,6.699963717,772.017314,0.782483902
1767,14.32723406,901.0325114,0.800137118
1768,19.38699277,717.4821853,0.780105091
1769,18.77917432,937.8651229,0.798394962
1770,19.07962323,849.4573855,0.797641861
1771,10.7718794,800.1543245,0.847562561
1772,13.72385895,687.3090682,0.79536586
1773,17.71223355,703.5758473,0.761249001
1774,15.24698897,880.4869982,0.770800361
1775,8.098136067,648.143511,0.814885999
1776,13.13600397,791.784876,0.787073583
1777,15.24698897,880.4869982,0.770800361
1778,19.59434115,662.9064435,0.782389944
1779,19.04094286,797.5303731,0.800679821
1780,19.41423311,799.5371857,0.806051982
1781,13.10344351,981.5731744,0.833184438
1782,9.881645679,897.73493,0.776698742
1783,13.11877473,935.4958103,0.739968815
1784,21.18371093,1378.479306,0.755050906
1785,9.705580286,789.5660192,0.821408021
1786,9.677368281,1146.535076,0.776681943
1787,21.18371093,1378.479306,0.755050906
1788,20.24372985,790.1921488,0.774630625
1789,18.53447828,959.6215361,0.792309324
1790,18.88460901,959.6215361,0.785925527
1791,14.3146491,1158.441599,0.832357346
1792,11.31472953,1085.298579,0.781048377
1793,11.29492991,1003.164731,0.769813947
1794,15.42418485,1474.967332,0.782317334
1795,14.70729936,984.9581985,0.808166621
1796,11.9589223,1334.569847,0.746035248
1797,15.42418485,1474.967332,0.782317334
1798,20.09673002,1019.460053,0.783202983
1799,19.83287223,1092.46144,0.795092594
1800,19.88988005,1029.027503,0.79564868
1801,26.43624893,441.200323,0.638468283
1802,19.72604669,257.8865675,0.549440438
1803,20.09393089,347.6337485,0.380904903
1804,23.60365428,375.5119254,0.61380459
1805,22.60646168,382.3279876,0.620637313
1806,20.18092604,335.5848602,0.498866669
1807,23.60365428,375.5119254,0.61380459
1808,24.07940854,407.8220407,0.654184041
1809,20.08476521,461.4244807,0.597871557
1810,17.58950874,458.2574371,0.607863959
1811,27.54597653,443.7651261,0.635361163
1812,22.01641581,288.1815923,0.518480232
1813,21.00458607,346.9419515,0.384891587
1814,23.99653505,377.6970403,0.612899672
1815,27.22415056,380.6799313,0.603727155
1816,26.90083133,362.1807995,0.477135677
1817,23.99653505,377.6970403,0.612899672
1818,24.45940104,406.562662,0.648464843
1819,21.09411183,451.6068607,0.592152384
1820,20.68859089,448.5072015,0.602144776
1821,24.71958188,458.9705655,0.67442191
1822,22.92928277,331.9658076,0.608150282
1823,19.73707898,398.8538861,0.42918321
1824,24.22957361,360.7684555,0.634117564
1825,24.39952671,411.7949287,0.666997909
1826,25.86286864,411.6126529,0.570644048
1827,24.22957361,360.7684555,0.634117564
1828,20.17583713,437.8935632,0.572996188
1829,18.17435938,479.9839692,0.616477258
1830,22.19293894,482.8226053,0.606903947
1831,28.02158894,456.9037234,0.672135546
1832,28.2038548,330.3653333,0.522612153
1833,27.64069359,397.5742565,0.381458577
1834,30.77749682,396.9274266,0.631176367
1835,27.60671231,406.5810248,0.646150909
1836,29.61966561,424.6577281,0.487273919
1837,30.77749682,396.9274266,0.631176367
1838,21.84135034,432.907032,0.632668872
1839,20.57279289,489.8065394,0.605531143
1840,19.56077925,486.444692,0.595623729
1841,21.94157321,371.8203162,0.929582085
1842,22.99738354,289.8876385,0.880425678
1843,24.67195829,289.0811022,0.883126706
1844,22.43768754,350.8680802,0.854001271
1845,23.75281556,350.2432148,0.91473084
1846,20.81869227,357.8309798,0.874924692
1847,22.43768754,350.8680802,0.854001271
1848,23.35223681,381.1966042,0.881250187
1849,22.95209306,445.5183894,0.907292745
1850,24.80655352,447.3354559,0.903781742
1851,22.71962888,372.0584718,0.929002956
1852,25.11560059,288.6149135,0.868043854
1853,25.86383695,331.0351639,0.886781185
1854,22.73177075,391.266046,0.853292569
1855,23.06728075,355.6873713,0.908196598
1856,22.18555581,326.1970382,0.86069762
1857,22.73177075,391.266046,0.853292569
1858,23.03193789,382.8054161,0.875223344
1859,22.6372825,404.9568573,0.900535046
1860,22.89223456,405.1909883,0.913850883
1861,20.47047649,394.4919001,0.942801759
1862,25.32453852,350.244329,0.901320072
1863,23.84138353,345.2595321,0.896287935
1864,24.49303409,376.3640488,0.86749071
1865,20.74041357,378.4465989,0.938274911
1866,23.13682965,400.9381485,0.895140551
1867,24.49303409,376.3640488,0.86749071
1868,22.27981457,409.8698286,0.908286946
1869,22.10533878,428.1926518,0.926708917
1870,22.33864689,425.9500689,0.923272609
1871,21.86913564,397.4340737,0.937479828
1872,21.05334548,354.8471475,0.874944814
1873,23.17267652,348.5603293,0.860079209
1874,19.73187035,440.5557377,0.832869323
1875,22.17537146,391.7681792,0.919337291
1876,21.55060312,417.0307538,0.861044436
1877,19.73187035,440.5557377,0.832869323
1878,19.58624726,422.2602427,0.887481212
1879,19.42540985,469.4510575,0.903596022
1880,19.67399374,471.3657345,0.901418007
1881,9.472398982,1720.301472,0.668728265
1882,7.967558941,905.4725452,0.627580264
1883,9.624369542,1039.258191,0.584146964
1884,13.40637832,1521.01534,0.590975015
1885,9.471514763,1189.368547,0.680482482
1886,8.691626208,1164.977229,0.589486089
1887,13.40637832,1521.01534,0.590975015
1888,16.4564846,1008.932868,0.601589241
1889,13.71170178,1319.649522,0.611847795
1890,12.86709342,1258.771277,0.605253324
1891,14.53216461,1709.170886,0.675049463
1892,14.6650845,1008.729753,0.610356307
1893,14.37535703,1155.864477,0.577896056
1894,13.66353252,1485.112194,0.566728519
1895,14.78913076,1447.100609,0.657430389
1896,16.38005787,1298.436432,0.573398668
1897,13.66353252,1485.112194,0.566728519
1898,19.41262504,1437.474736,0.595768366
1899,17.92390862,1806.153429,0.611084745
1900,17.0537948,1806.153429,0.621628552
1901,14.62185689,1718.269841,0.692537801
1902,12.37842888,1086.875592,0.612736458
1903,13.55641242,1198.340872,0.569260907
1904,17.31769502,1353.711136,0.575772327
1905,14.73316996,1454.43199,0.689340997
1906,12.35199917,1382.205504,0.608249895
1907,17.31769502,1353.711136,0.575772327
1908,16.10997259,1461.735758,0.508167918
1909,15.84517453,1837.749642,0.620160422
1910,19.22134818,1685.063459,0.625147589
1911,24.40678447,1572.321621,0.705971671
1912,21.54712262,987.7994189,0.564980062
1913,18.36664361,1155.684206,0.551162458
1914,25.64729342,1535.965511,0.613706978
1915,24.54679505,1422.145001,0.691291889
1916,24.17153042,1230.919419,0.552634202
1917,25.64729342,1535.965511,0.613706978
1918,20.44071508,1370.518785,0.581055023
1919,19.97031436,1587.502374,0.636495943
1920,18.71951649,1325.262868,0.630133922
1921,11.28136071,512.1518937,0.824711855
1922,11.28367651,542.9048459,0.744169372
1923,10.0546481,536.9624012,0.74664441
1924,14.24664909,347.4599455,0.761877159
1925,12.7561336,506.3694794,0.78912577
1926,12.11278846,602.3483184,0.731897959
1927,14.24664909,347.4599455,0.761877159
1928,15.04821405,559.6259489,0.800887176
1929,14.15946593,671.2576223,0.794406997
1930,13.87583266,675.2274552,0.750084933
1931,14.08190547,564.9633907,0.824415214
1932,13.85266752,547.7270217,0.741094109
1933,14.43220505,590.937217,0.743370609
1934,13.91634318,350.3186347,0.759852189
1935,15.67182082,464.5491239,0.800024395
1936,14.88944829,667.0134902,0.740767942
1937,13.91634318,350.3186347,0.759852189
1938,16.66190289,516.7333753,0.793644351
1939,15.05931549,556.2305752,0.803226728
1940,16.61879754,572.4989218,0.751693533
1941,17.13016711,571.6705977,0.832888841
1942,16.63192363,460.8444894,0.753320701
1943,16.64378694,578.793873,0.747604102
1944,13.9239854,372.352806,0.772600125
1945,18.46862983,471.1000556,0.811520782
1946,18.06066665,555.4671988,0.752887445
1947,13.9239854,372.352806,0.772600125
1948,16.27413864,544.1151023,0.754159403
1949,14.58243143,583.2571822,0.763369113
1950,16.32179885,591.4893972,0.761960784
1951,13.79366917,508.6465625,0.840088624
1952,16.67516641,476.0250203,0.76600929
1953,16.57927249,513.5250617,0.75786911
1954,20.75578155,355.8161553,0.76668252
1955,14.75713845,499.4478413,0.817841704
1956,17.60259136,523.8939029,0.753572093
1957,20.75578155,355.8161553,0.76668252
1958,17.20026209,566.902382,0.798314191
1959,17.21843262,685.0506614,0.791485144
1960,17.76241377,674.2926837,0.765630395
1961,21.75163918,289.9081447,0.540979361
1962,20.721169,238.7270803,0.404655453
1963,19.89651488,265.4004349,0.358105247
1964,21.27271079,275.7840192,0.443193518
1965,20.96247282,280.2241373,0.523266692
1966,21.2474089,279.3354043,0.363845494
1967,21.27271079,275.7840192,0.443193518
1968,22.01757728,274.1144739,0.543220689
1969,21.81480226,305.8937582,0.582157129
1970,22.44374866,308.1893625,0.58380563
1971,22.22519547,290.842113,0.544179239
1972,20.32259504,225.8196185,0.440754659
1973,20.54157202,251.6962804,0.350103958
1974,21.01269208,284.0254892,0.435791691
1975,21.77525354,268.1382237,0.521212061
1976,21.5558734,270.2830125,0.3999447
1977,21.01269208,284.0254892,0.435791691
1978,21.53876218,274.1789326,0.535569772
1979,21.0839767,284.6808018,0.574506217
1980,21.80662054,290.6503815,0.593325398
1981,21.85500372,284.5731112,0.554409777
1982,21.14859535,216.3218669,0.573558731
1983,21.21328611,261.4421774,0.511040465
1984,21.44290042,246.5090591,0.547040578
1985,21.30577325,267.9794974,0.540782912
1986,21.32997768,250.4623567,0.49959989
1987,21.44290042,246.5090591,0.547040578
1988,22.03662252,263.7145077,0.527371912
1989,19.98561852,284.9621556,0.588417705
1990,19.92781432,290.478329,0.52354808
1991,23.29629638,320.1239304,0.588350711
1992,24.07236853,267.1333311,0.475840108
1993,24.30527814,276.9732545,0.390233139
1994,23.25839039,293.2985704,0.547435638
1995,23.39067111,312.0958374,0.570608914
1996,24.49294057,309.1552079,0.435414934
1997,23.25839039,293.2985704,0.547435638
1998,19.36995085,324.7062844,0.522451635
1999,19.01754075,362.3508142,0.559468244
2000,21.20256626,365.070105,0.559565143
2001,15.80253363,337.4542115,0.822357705
2002,15.61755277,307.439647,0.780857547
2003,16.27107746,305.1448746,0.81020008
2004,15.21874903,333.0385788,0.79306599
2005,15.8070661,328.6545161,0.806507689
2006,15.73379915,359.3366803,0.769553242
2007,15.21874903,333.0385788,0.79306599
2008,16.58560883,391.2795059,0.807813349
2009,16.52606726,458.5537772,0.816418151
2010,17.01755558,461.2656747,0.792623256
2011,16.05985268,337.6703551,0.831373767
2012,15.49968224,276.4067755,0.799779961
2013,16.52046326,282.5270151,0.818548227
2014,15.21414444,304.8056056,0.801414138
2015,16.67674688,301.8806711,0.818169432
2016,15.95739567,322.1444513,0.788475651
2017,15.21414444,304.8056056,0.801414138
2018,16.89619717,390.3104898,0.808073473
2019,16.7768837,409.7849172,0.816678285
2020,17.28793869,387.0582247,0.804285015
2021,15.60665617,354.5386531,0.863254174
2022,15.65981794,299.3784598,0.826228528
2023,15.65532769,304.4722202,0.844667293
2024,15.05836651,328.1365905,0.81164677
2025,15.97526721,324.3934593,0.857452989
2026,15.59598553,341.0523681,0.814924227
2027,15.05836651,328.1365905,0.81164677
2028,18.27780327,383.7128037,0.804309265
2029,18.08051762,431.2481859,0.812434297
2030,18.8394379,407.7866365,0.827953421
2031,19.58671406,350.5513687,0.859193824
2032,19.09097265,317.5537434,0.788011907
2033,19.68060623,303.038295,0.819845259
2034,17.95654359,340.4098831,0.77942158
2035,19.63920693,358.2625552,0.843343808
2036,19.48727643,358.3780268,0.776707611
2037,17.95654359,340.4098831,0.77942158
2038,16.56830597,431.5819909,0.814918033
2039,16.53623217,482.1500214,0.823043065
2040,17.05032446,479.7236108,0.81399168
2041,10.9895686,1309.122643,0.66061024
2042,10.69718054,692.1424104,0.552081089
2043,10.01372506,814.8410817,0.458129
2044,12.18252917,1326.497176,0.473956228
2045,12.06338113,1085.565784,0.64155329
2046,11.37347064,780.2077831,0.537992076
2047,12.18252917,1326.497176,0.473956228
2048,12.73910571,1134.59526,0.574935416
2049,12.85082474,1302.468912,0.671065806
2050,10.72642435,1310.171743,0.654912902
2051,13.63966598,1447.667226,0.661708884
2052,13.29356671,904.4454448,0.552015958
2053,12.72918084,1002.895036,0.456761029
2054,12.02749205,1508.008569,0.478780878
2055,14.88070039,1291.437764,0.661212936
2056,14.26850786,1205.762948,0.55055277
2057,12.02749205,1508.008569,0.478780878
2058,14.1364128,1315.447521,0.567692591
2059,12.43535162,1398.531918,0.663822981
2060,13.68456892,1435.646739,0.662073046
2061,16.78472116,1395.695375,0.653619801
2062,17.53028934,834.9891093,0.637342953
2063,16.53782291,997.875775,0.558624943
2064,11.85131178,1332.836845,0.557351479
2065,18.12985769,1246.739631,0.642277948
2066,17.91748334,1105.466778,0.603051897
2067,11.85131178,1332.836845,0.557351479
2068,15.53994396,636.3878828,0.564229709
2069,13.11052674,693.4515381,0.677393221
2070,14.79922357,712.909602,0.587880148
2071,18.30347062,1461.856391,0.611590079
2072,19.16067785,981.4159009,0.557721512
2073,18.70047685,1050.134825,0.46338286
2074,17.20133718,1579.530934,0.564695671
2075,18.90903867,1408.280959,0.604729879
2076,20.57534241,1092.774555,0.550341836
2077,17.20133718,1579.530934,0.564695671
2078,14.14915915,1252.52935,0.534030712
2079,13.92352141,1331.515579,0.577037028
2080,15.93482088,1339.390192,0.577747494
2081,6.36294386,691.9650907,0.826174219
2082,6.695125647,725.8375576,0.768103779
2083,6.633579613,714.0161641,0.744718019
2084,11.27441848,839.5975181,0.753202825
2085,6.574157525,656.7240876,0.814991898
2086,6.848534755,815.8617524,0.768972714
2087,11.27441848,839.5975181,0.753202825
2088,10.6229271,685.4381245,0.812726705
2089,10.14840876,936.5500688,0.80767639
2090,12.07079258,890.9325993,0.790413802
2091,7.064371904,691.9650907,0.824723145
2092,7.179920832,721.7379507,0.771321623
2093,9.172911964,714.8454228,0.74261221
2094,11.06532857,846.5052161,0.733438461
2095,6.92390016,651.3417937,0.804859067
2096,7.511218566,809.1751255,0.771999631
2097,11.06532857,846.5052161,0.733438461
2098,10.45641246,616.1423532,0.774598627
2099,10.79036905,757.593407,0.792361769
2100,12.2090967,760.9407632,0.775099176
2101,17.92792769,799.5094009,0.836219735
2102,10.91035518,808.5756691,0.787468022
2103,11.43556363,816.8403704,0.761560736
2104,12.6064113,1018.634708,0.761143183
2105,18.7744136,794.4822499,0.814856915
2106,13.02997757,908.09027,0.788146031
2107,12.6064113,1018.634708,0.761143183
2108,16.20077987,756.6529951,0.797496821
2109,14.48180335,941.3081843,0.797150977
2110,17.58357363,945.4672671,0.776228089
2111,9.931729064,757.7073312,0.83729742
2112,5.111647252,792.9722996,0.782947319
2113,9.232078103,786.3521788,0.753185342
2114,14.45138464,1008.003419,0.761055217
2115,9.609439458,717.8849161,0.831789725
2116,5.394894713,890.5666348,0.788595378
2117,14.45138464,1008.003419,0.761055217
2118,20.47445859,813.8455783,0.814427317
2119,20.87042781,984.2241252,0.823986777
2120,20.45105401,941.8215396,0.796789663
2121,18.20117754,424.7389831,0.5202726
2122,11.32481365,331.929076,0.449068574
2123,12.39987498,402.2355775,0.326578105
2124,17.93668893,318.8289678,0.422074349
2125,15.91708194,380.6388623,0.510499113
2126,11.36916644,383.4140877,0.404615248
2127,17.93668893,318.8289678,0.422074349
2128,18.86968101,405.2512895,0.519271746
2129,18.69022168,420.1975395,0.557357222
2130,16.55207013,422.6825973,0.544180567
2131,18.71052591,407.6484559,0.527359369
2132,12.51092536,336.4451936,0.420261565
2133,12.90381847,377.1920416,0.364328296
2134,17.8671816,303.0462428,0.431691946
2135,18.38091826,381.8552481,0.512269921
2136,14.76316069,375.320774,0.388352679
2137,17.8671816,303.0462428,0.431691946
2138,18.53856039,422.8109471,0.508882817
2139,18.33237027,437.8023235,0.546968293
2140,18.46161023,423.8247646,0.546489213
2141,15.78190965,469.1930359,0.538683422
2142,15.96452375,366.0131188,0.483173301
2143,14.11530906,404.853604,0.409201899
2144,15.89456474,359.5009863,0.476881263
2145,15.59678561,468.1964198,0.512239095
2146,18.85782025,446.5269967,0.455731605
2147,15.89456474,359.5009863,0.476881263
2148,18.04612002,521.3605659,0.499178973
2149,18.74776749,584.3638652,0.542810766
2150,19.14998851,589.4132389,0.542874577
2151,18.71780931,481.3336845,0.51643183
2152,22.312159,412.727887,0.409526946
2153,22.71862334,472.9162036,0.318991245
2154,23.86324264,341.3723352,0.401529827
2155,18.8963321,452.7150215,0.516440001
2156,22.26155572,454.9232186,0.370293385
2157,23.86324264,341.3723352,0.401529827
2158,15.53487495,538.4938164,0.506598363
2159,15.37434395,602.2206074,0.545997389
2160,16.42805545,596.9194462,0.535689484
2161,17.4920133,494.537912,0.836346714
2162,16.05721951,488.8798699,0.800580187
2163,18.51432439,510.3602668,0.794037469
2164,18.70056606,371.7749462,0.784844839
2165,16.42838077,495.0482089,0.835204741
2166,16.05520786,569.2637556,0.791104257
2167,18.70056606,371.7749462,0.784844839
2168,18.00116004,597.2780666,0.826797629
2169,17.93653671,723.5883934,0.838464444
2170,17.48082912,725.7082924,0.810567153
2171,17.82614338,499.0859559,0.836490266
2172,17.92748403,458.0024601,0.793708275
2173,18.09206653,490.0418449,0.800519452
2174,18.72687811,345.9504561,0.783363436
2175,17.56549723,454.8377726,0.830156706
2176,19.45280709,510.5389636,0.784079176
2177,18.72687811,345.9504561,0.783363436
2178,17.93055855,594.7705899,0.811700121
2179,17.92401305,576.1811935,0.833482813
2180,18.23183059,552.8274396,0.805519108
2181,16.71961315,493.9113823,0.837746265
2182,17.38000477,468.428377,0.798523437
2183,15.95755816,486.5354471,0.800633581
2184,18.98582245,380.1286929,0.795790698
2185,17.05809525,451.5118444,0.828843835
2186,18.67813458,533.2564021,0.788894353
2187,18.98582245,380.1286929,0.795790698
2188,16.64289221,589.9023694,0.816072119
2189,15.99860211,502.5133749,0.825044729
2190,16.68322742,481.4158813,0.797081024
2191,20.08474087,497.544121,0.845003784
2192,23.96512063,475.7818132,0.802000141
2193,23.82811924,477.5677292,0.801168897
2194,24.35457836,386.7557991,0.789963895
2195,20.08659537,515.8323899,0.845331171
2196,24.24758342,535.6345552,0.801961513
2197,24.35457836,386.7557991,0.789963895
2198,17.32745878,622.3943435,0.830440799
2199,17.57159946,714.6699997,0.840255063
2200,17.3997853,718.8965743,0.812357772
2201,11.73791437,1222.509084,0.660270305
2202,13.21264989,747.4585062,0.616517061
2203,12.350043,872.8624969,0.607801189
2204,11.54218627,1409.84331,0.513100905
2205,12.79034906,1124.189648,0.649964109
2206,13.5685046,886.9837955,0.609320066
2207,11.54218627,1409.84331,0.513100905
2208,11.82256532,1281.720344,0.623144325
2209,10.89607195,1450.159981,0.61673521
2210,12.0300554,1379.525448,0.620454091
2211,12.67111301,1222.509084,0.643457747
2212,13.85291874,816.093555,0.628834403
2213,17.35645909,797.6871248,0.592972372
2214,11.51986948,1421.959013,0.506592361
2215,13.01744753,1188.309441,0.651475113
2216,14.26967707,965.9495389,0.625256799
2217,11.51986948,1421.959013,0.506592361
2218,11.84570641,1174.269655,0.623598867
2219,12.13797963,1303.730897,0.623608677
2220,13.23410021,1321.576173,0.627327582
2221,15.44654309,1551.668762,0.635602088
2222,17.28518454,925.5520638,0.649521989
2223,16.67339031,1007.683449,0.593782816
2224,9.352185393,1493.444825,0.531087353
2225,16.10917326,1525.30088,0.662213777
2226,18.19678622,1285.768649,0.642796629
2227,9.352185393,1493.444825,0.531087353
2228,12.19636178,1288.808525,0.628353434
2229,12.32470427,1625.387316,0.631564128
2230,13.95474649,1638.906285,0.634511759
2231,16.60651193,1261.531949,0.674262607
2232,8.124683023,1042.741767,0.605408854
2233,8.726638531,1110.781369,0.601727985
2234,19.53887809,1581.113398,0.484714197
2235,16.91146265,1215.370186,0.666298735
2236,8.662405322,1281.795033,0.596260428
2237,19.53887809,1581.113398,0.484714197
2238,13.84490744,1760.764556,0.633673847
2239,13.47255473,1869.8698,0.644528832
2240,16.19737372,1784.965319,0.644635498
2241,6.437534702,811.1502726,0.859429142
2242,5.311899938,731.1636543,0.763224549
2243,7.296337051,806.20001,0.769023424
2244,13.86468928,925.1715169,0.770065475
2245,6.739709798,711.8497659,0.820929552
2246,8.798876709,832.5186561,0.765579446
2247,13.86468928,925.1715169,0.770065475
2248,15.53227894,729.8439125,0.787644614
2249,14.49112395,1061.70272,0.782214457
2250,15.16545789,961.7881956,0.755051943
2251,11.14673093,805.2596726,0.857668753
2252,8.696261577,760.4061483,0.789671837
2253,13.7250854,792.2628227,0.759639203
2254,13.53385171,910.803154,0.75040793
2255,8.477859608,684.8905811,0.827475362
2256,9.233471926,848.005324,0.794083847
2257,13.53385171,910.803154,0.75040793
2258,15.37987964,638.0523713,0.79983344
2259,15.91357178,792.0155327,0.807100832
2260,16.65866694,867.580484,0.789838244
2261,13.41423208,1064.380983,0.847449286
2262,10.49495816,1097.736224,0.791672506
2263,13.27618951,1159.268417,0.751946729
2264,10.30631325,1506.698551,0.750816303
2265,10.06879397,876.9858185,0.832320652
2266,10.62965014,1238.964816,0.797002734
2267,10.30631325,1506.698551,0.750816303
2268,15.38801391,849.1666854,0.801963252
2269,14.62592857,1054.066717,0.808348183
2270,15.34561879,1054.066717,0.777560813
2271,17.66517625,1292.317358,0.839657529
2272,21.41408859,1204.679146,0.763486546
2273,21.33598746,1147.497183,0.769115376
2274,22.0328477,1620.468317,0.738051785
2275,18.18239301,1105.984453,0.814930482
2276,22.64834011,1418.061308,0.739883895
2277,22.0328477,1620.468317,0.738051785
2278,21.60072987,1193.302782,0.780560914
2279,22.60470438,1296.169554,0.786245229
2280,22.9167993,1215.99014,0.759048115
2281,18.71769385,446.9511086,0.557016791
2282,17.0484461,281.1655395,0.479457988
2283,17.63136092,366.5310971,0.380829865
2284,12.17002433,385.6921088,0.444814082
2285,15.88707764,394.1452499,0.530438766
2286,15.31758755,348.5641173,0.440767435
2287,12.17002433,385.6921088,0.444814082
2288,20.87152465,440.3774315,0.534221815
2289,20.56893125,511.7407875,0.564641029
2290,17.50757436,506.8251921,0.561647718
2291,18.71523279,449.5493424,0.556173396
2292,17.92081309,304.1131834,0.44687434
2293,17.9919683,366.6064001,0.383379834
2294,11.76826315,387.9364625,0.446188657
2295,18.92160879,383.6032221,0.525833616
2296,19.28568516,376.1887385,0.432817748
2297,11.76826315,387.9364625,0.446188657
2298,20.40465193,429.1250924,0.528438017
2299,20.30914851,489.5668357,0.558476787
2300,20.57905324,483.3944286,0.568181057
2301,17.73147056,468.1953837,0.625031552
2302,16.82653654,352.6635391,0.545083648
2303,14.66934913,425.7282991,0.448782263
2304,11.8185899,415.3867316,0.561485522
2305,16.90243695,417.8509595,0.620541214
2306,19.52691688,431.1783847,0.544687493
2307,11.8185899,415.3867316,0.561485522
2308,16.00117353,448.8363255,0.569306721
2309,17.22609295,493.3405586,0.603726361
2310,19.13242107,495.5239348,0.598904574
2311,18.85666397,470.5684435,0.568607622
2312,22.79496635,358.7408306,0.445896046
2313,21.12106491,419.6845808,0.367649086
2314,16.77963001,408.5884276,0.44362556
2315,19.0365111,418.9137032,0.544171819
2316,23.02413124,444.3244356,0.406236989
2317,16.77963001,408.5884276,0.44362556
2318,15.12003952,469.3393904,0.58127348
2319,14.76634897,535.3278283,0.604091407
2320,14.60386861,509.0963225,0.608583213
2321,19.09816633,372.3547358,0.876826648
2322,19.3138566,296.1357264,0.812199509
2323,20.55673675,299.9191371,0.853606354
2324,14.61179255,347.0923831,0.775711185
2325,18.10202123,347.1013657,0.861190716
2326,20.43247042,363.0934297,0.802723625
2327,14.61179255,347.0923831,0.775711185
2328,18.43203231,375.4912324,0.826804244
2329,18.33636396,450.1442193,0.839232132
2330,18.15139149,454.4547343,0.8117153
2331,19.41831599,372.5932336,0.875294785
2332,20.41800093,291.7082723,0.790447907
2333,21.00382841,348.8118116,0.857260802
2334,13.93743091,394.1883194,0.776778089
2335,19.31401049,350.0273648,0.85421137
2336,21.80217363,329.1169869,0.779652119
2337,13.93743091,394.1883194,0.776778089
2338,18.13067118,376.3335841,0.82071277
2339,18.036567,409.6657893,0.832409828
2340,18.72658186,408.5303268,0.821186747
2341,15.50098828,404.1355063,0.884789612
2342,16.95265345,365.4579647,0.834228701
2343,15.39957225,372.2139494,0.88061622
2344,12.17882725,382.9625815,0.802564899
2345,15.49294963,383.7265195,0.880058598
2346,17.69244867,410.0432623,0.824599627
2347,12.17882725,382.9625815,0.802564899
2348,15.91374172,420.9407515,0.856388168
2349,16.00448235,445.7370984,0.860924134
2350,16.65462068,440.1416464,0.832960419
2351,19.81392957,402.4619142,0.876622203
2352,25.22183736,361.940425,0.786244503
2353,25.22586194,363.4320697,0.828173815
2354,16.35825989,445.3382249,0.749324582
2355,19.81575906,396.8699994,0.856750954
2356,25.31115027,422.107463,0.771522151
2357,16.35825989,445.3382249,0.749324582
2358,16.41252572,432.8561515,0.825982548
2359,16.52499795,487.3850582,0.832621618
2360,16.97271056,490.2674646,0.804724327
2361,7.709301654,1835.302006,0.67799483
2362,8.32123845,990.2908605,0.629989017
2363,10.4642508,1041.912275,0.613896739
2364,8.201103696,1634.161589,0.496618747
2365,7.917147307,1278.632618,0.677691039
2366,7.897578135,1326.014421,0.625655964
2367,8.201103696,1634.161589,0.496618747
2368,13.9714787,1233.62349,0.54217702
2369,11.40045205,1630.211224,0.626397366
2370,11.71278011,1540.627434,0.625206022
2371,10.55126598,1825.637597,0.686939706
2372,12.89062737,1097.484247,0.630997847
2373,15.06069826,1160.220598,0.606498303
2374,7.799034148,1607.461035,0.490501835
2375,11.06291843,1564.715239,0.66758335
2376,12.65891647,1470.237119,0.634346897
2377,7.799034148,1607.461035,0.490501835
2378,13.7855006,1609.315096,0.53474784
2379,14.16936697,2008.079238,0.631665765
2380,14.28427344,1978.058666,0.641945996
2381,13.74055676,1837.674706,0.717515617
2382,12.17026034,1196.969414,0.661215148
2383,14.02318484,1308.355411,0.624379885
2384,7.436821945,1619.935489,0.557140263
2385,14.38254544,1570.470324,0.71990256
2386,12.65444405,1520.394341,0.696737762
2387,7.436821945,1619.935489,0.557140263
2388,12.60011134,1547.425895,0.556308932
2389,11.77469205,1931.535518,0.661850148
2390,12.16953209,1916.947792,0.658255485
2391,21.01578121,1635.442237,0.678778725
2392,25.64272119,1064.931272,0.577927465
2393,23.63800048,1170.192419,0.557499659
2394,21.27235299,1624.121814,0.467233818
2395,21.65191251,1475.899607,0.669530889
2396,27.24847653,1332.147686,0.578364546
2397,21.27235299,1624.121814,0.467233818
2398,18.36316764,1645.175586,0.581176624
2399,18.91044731,1931.090232,0.683393574
2400,18.60319597,1683.571438,0.690245656
